group_id,positive_job,positive_rank_OTR_refined_lit,positive_OTR_refined_lit,best_decoy_OTR_refined_lit,delta_OTR_refined_lit,P_seq_liability,hcdr3_len,cdr_net_charge,cdr_hydrophobic_fraction,cdr_tyr_trp_fraction
1ahw,1ahw_lh_vs_1ahw_c_positive,1,0.7706665192692586,0.7522183888558581,0.018448130413400432,0.02,8,-2,0.39344262295081966,0.13114754098360656
1mlc,1mlc_lh_vs_1mlc_e_positive,3,0.24309031788043872,0.3192391525637002,-0.0761488346832615,0.0,8,1,0.3114754098360656,0.13114754098360656
1vfb,1vfb_lh_vs_1vfb_c_positive,3,0.21384495026250044,0.3979683888558581,-0.18412343859335767,0.02,8,1,0.3770491803278688,0.11475409836065574
1yy9,1yy9_lh_vs_1yy9_a_positive,1,0.8882574126822432,0.38568273035060774,0.5025746823316355,0.02,8,0,0.36065573770491804,0.11475409836065574
2vis,2vis_lh_vs_2vis_c_positive,3,0.129497918747894,0.5031024783499017,-0.3736045596020078,0.04,8,0,0.45901639344262296,0.11475409836065574
4g6m,4g6m_lh_vs_4g6m_a_positive,1,0.24956563062257955,0.17170137900379082,0.07786425161878874,0.02,8,1,0.4098360655737705,0.13114754098360656
6dca,6dca_lh_vs_6dca_p_positive,1,0.829444251681166,0.5182548198133096,0.3111894318678564,0.02,8,1,0.4262295081967213,0.16393442622950818
6nmt,6nmt_lh_vs_6nmt_c_positive,8,0.08418122278318338,0.45765130573694063,-0.3734700829537573,0.06,8,4,0.36065573770491804,0.09836065573770492
6o3b,6o3b_lh_vs_6o3b_c_positive,9,0.0515872978582331,0.13108615796566536,-0.07949886010743226,0.04,8,2,0.45901639344262296,0.18032786885245902
