group,cognate_rank,cognate_STRIVE,best_decoy_STRIVE,margin,cognate_ranked_first
1ahw,1,0.8091662981731467,0.7595459721396454,0.049620326033501305,True
1mlc,5,0.4157257947010968,0.5021783121375463,-0.0864525174364495,False
1vfb,3,0.36759451851339386,0.488617400711074,-0.12102288219768015,False
1yy9,1,0.8991435317056085,0.5037068258765194,0.3954367058290891,True
2vis,10,0.237244796869735,0.60084548158904,-0.36360068471930507,False
4g6m,9,0.3444140765564489,0.39850344750947714,-0.05408937095302824,False
6dca,1,0.8336106292029148,0.6625120495332739,0.17109857966964093,True
6nmt,11,0.21195305695795852,0.5971818357709231,-0.3852287788129646,False
6o3b,5,0.3609682446455827,0.409392597851832,-0.048424353206249326,False
