chain,resid_construct,resid_uniprot,resname,occupancy
CLDN4,296,300,LEU,1.0
CLDN4,290,294,LYS,0.998
CLDN4,292,296,TYR,0.998
CLDN4,293,297,ASP,0.998
CLDN4,294,298,SER,0.998
CLDN4,295,299,LEU,0.998
CLDN4,378,382,ALA,0.99
CLDN4,271,275,ILE,0.986
CLDN4,280,284,VAL,0.984
CLDN4,278,282,ASN,0.982
CLDN4,297,301,ALA,0.978
CLDN4,379,383,SER,0.976
CLDN4,376,380,LEU,0.938
CLDN4,377,381,VAL,0.908
CLDN4,291,295,VAL,0.886
CLDN4,299,303,PRO,0.884
CLDN4,269,273,GLN,0.872
CLDN4,273,277,GLU,0.848
CLDN4,383,387,ARG,0.788
CLDN4,298,302,LEU,0.727
CLDN4,288,292,GLN,0.701
CLDN4,268,272,SER,0.445
CLDN4,282,286,GLN,0.437
CLDN4,381,385,GLN,0.427
CLDN4,267,271,THR,0.411
CLDN4,256,260,ARG,0.403
CLDN4,258,262,THR,0.365
CLDN4,266,270,VAL,0.349
CLDN4,374,378,ASN,0.186
CLDN4,289,293,CYS,0.166
CLDN4,371,375,ASP,0.098
CLDN4,283,287,SER,0.082
CLDN4,380,384,GLY,0.08
CLDN4,260,264,PHE,0.062
CLDN4,286,290,GLN,0.04
CLDN4,264,268,ASN,0.034
CLDN4,265,269,ILE,0.032
CLDN4,302,306,LEU,0.03
CLDN4,375,379,PRO,0.024
CLDN4,279,283,CYS,0.014
CLDN4,284,288,THR,0.014
CLDN4,262,266,GLY,0.004
CLDN4,300,304,GLN,0.004
CLDN4,287,291,MET,0.004
CLDN4,263,267,SER,0.002
scFv,99,99,GLU,0.998
scFv,100,100,THR,0.998
scFv,101,101,TRP,0.998
scFv,106,106,TYR,0.998
scFv,169,169,TYR,0.996
scFv,214,214,PRO,0.996
scFv,102,102,SER,0.984
scFv,151,151,ASP,0.97
scFv,33,33,TYR,0.968
scFv,213,213,LYS,0.968
scFv,32,32,THR,0.962
scFv,31,31,THR,0.96
scFv,148,148,GLN,0.954
scFv,149,149,GLY,0.946
scFv,150,150,TYR,0.942
scFv,103,103,GLY,0.94
scFv,110,110,TYR,0.932
scFv,215,215,GLY,0.888
scFv,98,98,ARG,0.878
scFv,176,176,PRO,0.856
scFv,109,109,THR,0.816
scFv,55,55,THR,0.814
scFv,186,186,ARG,0.802
scFv,104,104,GLY,0.792
scFv,166,166,LEU,0.774
scFv,105,105,TYR,0.739
scFv,188,188,GLY,0.731
scFv,52,52,ASN,0.665
scFv,189,189,THR,0.651
scFv,216,216,THR,0.515
scFv,59,59,ARG,0.417
scFv,28,28,ASP,0.389
scFv,57,57,ALA,0.385
scFv,217,217,ASP,0.359
scFv,123,123,ILE,0.339
scFv,187,187,SER,0.323
scFv,27,27,PHE,0.218
scFv,54,54,ALA,0.18
scFv,147,147,SER,0.158
scFv,107,107,VAL,0.152
scFv,175,175,ALA,0.146
scFv,122,122,ASP,0.126
scFv,1,1,GLU,0.126
scFv,50,50,ARG,0.108
scFv,56,56,GLY,0.086
scFv,146,146,THR,0.03
scFv,170,170,ASN,0.024
scFv,173,173,THR,0.006
scFv,30,30,SER,0.004
scFv,58,58,THR,0.004
scFv,62,62,ASP,0.002
scFv,191,191,PHE,0.002
