time_ns,atom_contacts,residue_contacts_scFv,residue_contacts_CLDN4,residue_pairs,CLDN4_backbone_rmsd,scFv_rmsd_antigen_aligned,complex_backbone_rmsd,interface_rmsd,interface_hbonds,salt_bridges
0.0,301,28,24,59,0.0,0.0,0.0,0.0,7,5
1.0,294,29,22,59,0.992,2.354,1.88,1.573,7,3
2.0,359,31,32,71,1.118,1.867,1.582,1.365,9,6
3.0,293,24,22,55,1.076,2.15,1.76,1.392,7,4
4.0,229,21,20,49,1.013,2.48,1.973,1.557,3,3
5.0,285,26,25,59,1.033,2.453,1.959,1.407,5,2
6.0,309,27,20,60,1.047,3.021,2.364,1.983,5,2
7.0,297,24,20,54,1.203,1.905,1.633,1.37,7,2
8.0,313,28,22,59,0.89,2.924,2.266,1.774,9,5
9.0,273,23,18,51,1.198,2.575,2.084,2.183,5,3
10.0,255,24,18,47,1.313,4.127,3.208,2.927,5,3
11.0,230,25,17,46,1.456,4.222,3.303,2.863,4,2
12.0,248,24,20,49,1.476,3.143,2.547,2.272,6,4
13.0,326,28,21,58,1.308,2.962,2.38,2.28,10,5
14.0,305,30,24,60,1.498,4.483,3.498,2.925,6,3
15.0,310,30,24,61,1.538,5.248,4.057,3.176,9,4
16.0,298,27,24,57,1.523,3.319,2.681,2.447,10,5
17.0,338,28,22,61,1.438,4.539,3.527,2.766,10,4
18.0,309,24,20,55,1.713,3.285,2.708,2.549,9,4
19.0,344,30,23,63,1.713,3.677,2.977,2.634,11,4
20.0,305,28,22,57,1.569,4.796,3.736,2.797,10,4
21.0,313,28,24,63,1.622,2.519,2.17,2.564,9,4
22.0,334,25,21,56,1.702,3.439,2.81,2.443,10,4
23.0,288,25,22,54,1.584,3.962,3.145,2.523,8,3
24.0,264,28,20,52,1.548,3.982,3.151,2.856,10,2
25.0,250,25,23,52,1.404,4.282,3.336,2.934,5,4
26.0,234,26,25,58,1.46,2.559,2.146,2.274,7,1
27.0,299,26,22,57,1.392,4.198,3.273,3.027,10,3
28.0,275,26,19,52,1.297,3.691,2.892,2.497,10,3
29.0,265,28,22,58,1.359,4.068,3.174,2.96,10,3
30.0,245,23,20,52,1.434,4.674,3.624,3.398,6,3
31.0,300,28,23,53,1.177,4.29,3.303,2.998,11,5
32.0,288,26,21,55,1.16,4.404,3.383,2.943,9,3
33.0,304,29,20,55,1.12,3.401,2.651,2.953,10,3
34.0,234,27,22,51,1.159,5.595,4.256,3.51,6,4
35.0,239,24,23,51,1.356,4.585,3.546,3.205,9,3
36.0,250,26,19,48,1.417,5.197,4.0,3.345,7,3
37.0,218,26,19,49,1.457,3.066,2.489,2.943,7,1
38.0,202,23,18,47,1.357,3.813,2.991,2.886,6,4
39.0,259,25,18,48,1.197,3.234,2.547,2.734,7,4
40.0,272,26,18,50,1.51,3.378,2.718,2.703,6,4
41.0,264,26,19,50,1.775,4.136,3.311,3.273,8,4
42.0,268,26,21,52,2.023,4.547,3.657,3.417,9,4
43.0,247,25,18,50,1.966,4.598,3.679,3.388,9,3
44.0,265,25,17,50,2.356,3.654,3.149,3.429,7,4
45.0,237,24,19,48,1.993,3.898,3.202,3.436,10,4
46.0,251,23,18,46,2.473,3.342,2.991,3.532,8,4
47.0,245,24,17,44,2.407,4.809,3.936,3.917,7,3
48.0,300,25,20,53,2.253,5.736,4.544,3.844,6,3
49.0,259,26,21,50,2.475,4.182,3.533,3.573,8,1
50.0,267,27,20,52,2.663,3.554,3.192,3.511,6,1
51.0,250,26,22,53,2.391,3.572,3.108,3.266,9,3
52.0,232,26,21,51,2.206,5.158,4.127,3.499,6,2
53.0,232,27,20,49,2.052,3.905,3.223,3.397,7,2
54.0,241,27,22,54,2.266,4.539,3.714,3.594,4,2
55.0,253,27,19,49,2.292,3.4,2.964,3.249,6,2
56.0,231,25,20,47,2.199,3.582,3.051,3.26,7,2
57.0,240,25,19,47,2.011,4.242,3.442,3.224,9,1
58.0,233,27,18,47,2.111,3.904,3.239,3.153,4,2
59.0,269,27,18,50,1.961,4.912,3.898,3.162,6,2
60.0,229,23,17,45,2.214,6.07,4.773,3.7,6,3
61.0,257,25,20,51,2.318,4.017,3.376,3.648,6,2
62.0,234,27,19,52,2.225,4.902,3.953,3.475,7,1
63.0,259,25,18,48,1.956,4.278,3.454,3.069,6,1
64.0,250,24,19,51,2.047,4.726,3.788,3.531,7,1
65.0,235,26,20,49,2.016,3.806,3.146,3.069,6,1
66.0,248,28,20,51,2.149,4.051,3.35,3.027,6,1
67.0,268,30,20,54,2.078,4.432,3.591,3.502,7,1
68.0,295,30,22,62,2.017,5.557,4.368,3.748,7,1
69.0,289,30,24,60,2.112,4.928,3.944,3.595,7,1
70.0,272,28,23,57,2.113,5.156,4.104,3.55,7,1
71.0,267,27,21,53,2.017,6.24,4.857,3.723,7,1
72.0,285,28,22,56,1.982,5.292,4.172,3.442,8,1
73.0,294,28,24,60,2.024,5.528,4.348,3.686,6,1
74.0,279,28,23,56,1.924,5.529,4.329,3.739,8,1
75.0,273,27,21,52,2.092,4.838,3.876,3.485,8,1
76.0,266,27,22,56,2.093,6.333,4.937,3.92,6,2
77.0,281,25,20,53,2.112,6.744,5.237,3.828,7,2
78.0,260,26,21,54,1.752,6.235,4.807,3.618,8,2
79.0,293,29,24,58,2.094,6.685,5.191,4.191,7,1
80.0,246,25,20,48,2.146,5.417,4.295,3.644,4,1
81.0,278,28,22,57,2.122,5.508,4.355,4.103,6,1
82.0,264,27,24,54,2.202,6.303,4.937,4.082,5,1
83.0,278,25,24,56,2.133,5.273,4.191,3.753,7,1
84.0,307,26,22,56,1.861,5.397,4.222,3.741,10,3
85.0,274,28,26,58,2.141,5.589,4.416,4.077,11,3
86.0,320,27,24,59,1.888,6.018,4.673,3.86,9,3
87.0,260,25,20,49,2.006,4.282,3.469,3.245,6,1
88.0,327,30,23,61,1.919,4.201,3.391,3.102,7,1
89.0,250,27,22,59,2.185,4.341,3.557,3.499,5,1
90.0,275,28,22,55,2.128,4.565,3.695,3.368,5,1
91.0,241,25,17,45,1.806,4.93,3.878,3.56,3,2
92.0,234,24,19,47,2.047,5.177,4.104,3.657,5,2
93.0,257,25,18,50,2.095,3.673,3.08,3.196,5,2
94.0,271,27,20,53,2.174,5.486,4.35,3.724,7,2
95.0,228,25,19,48,2.218,4.609,3.749,3.555,6,2
96.0,214,22,19,45,2.142,5.646,4.457,3.982,8,2
97.0,268,24,17,48,2.04,4.405,3.563,3.326,6,3
98.0,228,25,19,45,1.759,5.189,4.054,3.532,6,2
99.0,229,25,19,46,1.984,5.655,4.431,4.03,5,2
100.0,223,24,17,45,2.179,5.827,4.593,3.88,5,2
101.0,219,25,18,44,2.026,6.032,4.709,3.934,6,2
102.0,265,26,20,53,2.098,4.995,3.988,3.437,8,2
103.0,271,26,20,50,1.814,5.77,4.481,3.802,8,2
104.0,238,25,17,45,1.734,5.556,4.313,3.313,8,2
105.0,239,25,20,50,1.734,5.292,4.123,3.361,6,2
106.0,297,24,19,50,1.831,5.269,4.125,3.57,6,2
107.0,321,25,23,55,1.708,6.256,4.816,3.517,7,1
108.0,277,26,21,51,1.658,7.071,5.403,3.864,9,1
109.0,265,24,19,50,1.914,5.764,4.496,3.655,7,1
110.0,281,26,22,58,1.874,6.726,5.183,3.852,4,1
111.0,267,23,19,49,1.924,4.851,3.847,3.169,6,1
112.0,297,25,20,53,1.927,5.759,4.494,3.483,7,1
113.0,200,21,17,41,1.959,5.731,4.48,3.516,7,1
114.0,257,26,19,52,2.467,6.029,4.798,4.138,6,1
115.0,257,25,18,49,2.144,5.244,4.173,3.467,6,1
116.0,246,26,19,48,1.884,6.571,5.073,3.585,8,1
117.0,218,24,19,46,1.899,5.813,4.528,3.615,6,1
118.0,234,25,18,48,2.166,5.5,4.359,3.642,5,1
119.0,203,17,15,37,2.035,6.058,4.729,3.609,5,1
120.0,212,20,15,40,2.187,4.922,3.958,3.295,5,1
121.0,213,23,18,44,2.363,5.385,4.323,3.914,5,1
122.0,219,24,19,46,2.414,5.331,4.298,3.599,7,1
123.0,230,23,20,49,2.502,5.787,4.637,3.917,7,1
124.0,244,25,21,52,2.093,5.898,4.626,3.915,6,1
125.0,318,26,21,55,2.393,7.641,5.933,4.222,7,1
126.0,276,25,20,54,2.371,6.245,4.93,4.117,8,1
127.0,217,24,19,48,2.432,5.836,4.655,3.977,9,1
128.0,224,23,17,45,2.381,7.229,5.634,4.397,6,1
129.0,225,24,18,45,2.228,5.16,4.134,3.839,5,1
130.0,236,25,17,46,2.266,6.129,4.825,3.906,6,1
131.0,249,21,18,45,2.24,6.414,5.023,3.789,7,1
132.0,226,22,16,43,2.024,5.04,4.003,3.49,7,1
133.0,206,21,16,41,2.163,5.161,4.119,3.87,6,1
134.0,238,27,17,51,2.41,6.385,5.038,4.271,9,1
135.0,257,26,19,54,2.56,6.049,4.834,4.385,7,1
136.0,246,23,18,48,2.171,6.51,5.079,4.006,6,1
137.0,255,24,19,50,2.385,5.593,4.473,4.059,9,1
138.0,246,24,17,48,2.456,5.254,4.255,4.254,6,1
139.0,239,24,18,50,2.235,6.68,5.213,4.17,8,1
140.0,239,21,17,44,2.407,5.61,4.49,4.288,6,1
141.0,252,26,16,50,2.171,6.047,4.748,4.104,8,1
142.0,266,26,18,51,2.256,7.815,6.036,4.499,6,1
143.0,274,31,20,61,2.417,9.152,7.032,5.04,8,3
144.0,290,32,22,62,2.386,9.189,7.055,5.019,10,2
145.0,254,28,22,57,2.314,7.893,6.102,4.624,6,3
146.0,295,27,20,60,2.223,5.583,4.43,3.584,10,2
147.0,292,25,21,58,2.147,6.404,4.999,3.776,8,2
148.0,310,30,22,59,2.378,7.175,5.595,4.274,9,3
149.0,293,26,22,57,2.2,6.883,5.352,4.018,7,3
150.0,292,27,18,54,2.286,8.119,6.26,4.209,6,1
151.0,322,29,21,62,1.938,6.631,5.125,3.733,7,2
152.0,287,28,22,60,2.022,5.539,4.356,3.398,8,5
153.0,296,30,21,64,2.111,4.665,3.761,3.377,11,4
154.0,289,30,20,60,2.034,4.953,3.944,3.545,8,4
155.0,295,30,19,57,2.291,5.14,4.135,3.597,9,5
156.0,294,30,20,59,2.263,5.271,4.22,3.461,11,5
157.0,275,28,20,57,2.327,5.158,4.157,3.663,10,5
158.0,277,28,19,55,2.064,7.686,5.911,4.104,8,3
159.0,295,28,19,59,2.344,8.614,6.63,4.503,10,4
160.0,255,26,19,48,2.281,4.8,3.897,3.55,8,4
161.0,295,30,19,60,2.193,6.085,4.779,3.75,8,2
162.0,290,29,18,54,2.367,5.209,4.201,3.606,7,3
163.0,237,26,19,48,2.403,6.269,4.954,4.116,9,4
164.0,294,29,20,58,2.374,5.936,4.712,3.874,10,5
165.0,306,32,22,63,2.282,5.833,4.619,3.787,8,4
166.0,306,29,20,59,2.415,6.625,5.209,3.869,12,4
167.0,286,30,21,60,2.365,6.486,5.1,3.955,9,4
168.0,312,29,21,56,2.362,6.182,4.883,3.876,9,4
169.0,321,31,22,66,1.963,6.615,5.118,3.783,10,3
170.0,292,29,21,64,2.273,6.885,5.367,3.841,8,3
171.0,330,31,21,63,2.33,7.96,6.152,4.242,9,3
172.0,321,32,23,68,2.137,6.879,5.338,3.657,10,3
173.0,278,29,20,58,2.219,6.579,5.137,3.793,10,2
174.0,270,26,20,59,2.033,4.963,3.951,3.294,7,4
175.0,292,28,22,62,1.909,4.14,3.346,2.824,9,3
176.0,313,30,22,64,2.343,5.525,4.416,3.702,9,2
177.0,286,30,21,61,2.225,3.67,3.117,3.197,10,2
178.0,352,31,21,62,2.209,5.02,4.032,3.336,11,3
179.0,307,29,22,60,2.206,5.374,4.279,3.592,9,2
180.0,284,28,22,60,2.293,6.788,5.301,3.812,9,2
181.0,308,29,22,60,2.29,6.067,4.786,3.613,7,3
182.0,257,27,19,57,2.305,6.617,5.181,3.827,8,3
183.0,314,28,21,62,2.201,6.222,4.879,3.551,10,3
184.0,322,30,20,64,2.201,4.729,3.827,3.325,9,2
185.0,291,28,20,63,2.049,6.075,4.744,3.357,9,4
186.0,318,31,21,63,2.088,5.234,4.154,3.261,8,2
187.0,312,28,21,62,2.153,5.447,4.318,3.507,7,2
188.0,317,28,20,62,1.907,5.803,4.522,3.375,7,4
189.0,337,32,22,66,1.982,4.64,3.712,3.163,10,3
190.0,292,26,19,56,2.348,5.048,4.086,3.648,9,3
191.0,309,29,21,61,2.423,4.89,3.996,3.674,10,3
192.0,304,28,19,59,2.364,5.918,4.697,3.811,9,4
193.0,341,32,22,70,2.507,6.146,4.89,3.79,9,3
194.0,308,30,23,63,2.424,4.507,3.735,3.539,8,3
195.0,324,30,22,65,2.293,5.335,4.271,3.475,10,4
196.0,325,28,21,65,2.277,5.177,4.157,3.525,13,4
197.0,332,28,22,64,2.046,5.479,4.318,3.354,10,4
198.0,307,29,22,67,2.419,4.893,3.997,3.502,11,4
199.0,332,31,24,68,2.325,6.207,4.893,3.658,9,3
200.0,345,30,23,69,2.334,6.016,4.76,3.514,11,4
201.0,315,29,21,64,2.286,5.793,4.592,3.515,14,4
202.0,306,31,22,69,2.276,5.014,4.044,3.347,9,3
203.0,349,30,21,66,1.919,5.636,4.405,3.281,11,4
204.0,345,31,22,69,2.264,5.736,4.546,3.417,8,4
205.0,276,27,19,61,2.35,5.904,4.684,3.64,9,3
206.0,313,29,21,64,2.284,5.486,4.375,3.421,9,4
207.0,357,31,21,67,2.408,5.676,4.537,3.571,11,4
208.0,330,30,24,71,2.227,5.492,4.367,3.367,10,4
209.0,338,29,22,66,2.327,6.031,4.769,3.653,10,4
210.0,310,27,23,64,2.061,7.539,5.804,3.732,8,4
211.0,311,31,21,64,2.232,5.027,4.042,3.34,8,3
212.0,342,31,22,68,1.922,5.368,4.214,3.264,7,2
213.0,262,27,21,58,2.205,5.959,4.692,3.603,7,2
214.0,338,27,22,60,2.175,6.738,5.244,3.773,8,3
215.0,289,30,21,66,2.107,6.644,5.163,3.726,8,4
216.0,307,29,20,61,1.836,6.214,4.806,3.4,11,4
217.0,319,30,20,62,2.129,7.855,6.044,3.994,12,4
218.0,314,30,21,67,1.844,6.632,5.11,3.407,10,3
219.0,287,27,20,59,2.079,6.075,4.75,3.457,9,4
220.0,306,28,20,57,2.062,4.316,3.507,2.84,11,4
221.0,325,30,20,63,2.311,5.323,4.267,3.357,12,3
222.0,284,29,21,61,2.199,5.385,4.285,3.288,11,3
223.0,311,32,23,68,2.32,5.302,4.255,3.313,11,3
224.0,338,32,23,70,2.326,4.694,3.836,3.189,11,3
225.0,365,31,22,67,2.276,4.833,3.918,3.075,11,4
226.0,312,31,20,67,2.122,5.979,4.69,3.372,11,3
227.0,314,28,23,63,2.168,5.397,4.286,3.432,12,2
228.0,234,27,18,55,2.088,5.939,4.654,3.743,8,3
229.0,314,32,21,62,2.101,7.556,5.822,3.857,10,6
230.0,291,27,20,59,2.024,6.93,5.355,3.638,10,6
231.0,260,28,21,59,2.071,5.698,4.479,3.424,10,4
232.0,282,29,20,62,2.036,7.397,5.697,3.728,12,6
233.0,341,31,22,65,2.156,6.15,4.818,3.489,14,6
234.0,334,29,21,63,2.221,5.885,4.643,3.377,11,6
235.0,337,31,21,64,2.282,5.28,4.23,3.228,8,5
236.0,338,31,20,63,2.313,5.707,4.537,3.385,13,6
237.0,329,33,25,68,2.506,4.646,3.853,3.44,12,6
238.0,323,31,22,63,2.244,4.055,3.38,3.168,13,6
239.0,311,31,24,66,2.4,3.473,3.047,3.089,14,4
240.0,358,33,23,69,2.255,2.758,2.549,2.884,12,5
241.0,364,30,24,64,2.33,4.626,3.791,3.41,12,6
242.0,313,27,24,64,2.298,4.515,3.706,3.567,10,4
243.0,339,31,22,69,2.359,5.348,4.296,3.618,8,5
244.0,358,31,23,71,2.254,4.954,3.996,3.456,12,5
245.0,345,33,22,66,2.159,4.047,3.349,3.185,15,6
246.0,335,29,21,62,2.088,4.913,3.928,3.386,10,4
247.0,328,29,24,63,2.01,4.429,3.572,3.019,11,4
248.0,326,27,20,55,2.029,4.064,3.326,3.054,12,5
249.0,394,30,23,69,2.046,6.081,4.748,3.733,12,5
250.0,368,30,21,63,1.997,5.358,4.222,3.385,14,6
251.0,360,31,20,68,2.015,4.408,3.558,3.034,15,6
252.0,360,35,20,69,1.966,5.298,4.173,3.498,15,5
253.0,349,33,21,66,1.994,3.429,2.886,2.964,13,4
254.0,398,32,21,66,2.115,4.817,3.867,3.289,11,6
255.0,356,31,21,65,2.087,5.013,3.998,3.232,9,5
256.0,375,34,24,69,2.313,5.432,4.344,3.285,11,6
257.0,368,35,25,73,2.279,3.35,2.927,2.957,13,6
258.0,381,33,22,67,2.265,3.476,3.004,2.853,13,6
259.0,378,34,23,68,2.035,3.196,2.746,2.768,13,6
260.0,374,35,25,74,2.147,4.259,3.49,3.079,12,5
261.0,348,32,22,66,2.326,4.564,3.747,3.124,10,5
262.0,351,30,24,68,2.133,2.905,2.593,2.755,13,5
263.0,364,36,24,73,2.046,3.728,3.102,2.817,14,4
264.0,351,33,25,69,2.23,2.752,2.536,2.784,13,5
265.0,370,32,22,68,2.201,4.787,3.868,3.184,14,6
266.0,351,33,23,68,2.21,4.372,3.585,3.22,13,6
267.0,384,36,26,76,2.14,5.336,4.237,3.294,14,6
268.0,370,36,28,78,2.132,5.15,4.104,3.268,14,5
269.0,366,36,25,73,2.135,4.156,3.417,3.013,9,5
270.0,359,34,24,69,2.111,3.188,2.766,2.9,12,4
271.0,364,35,24,70,2.43,2.878,2.69,2.839,11,6
272.0,340,34,26,70,2.486,2.472,2.478,2.933,12,6
273.0,345,33,22,66,2.229,3.231,2.834,2.929,11,4
274.0,371,35,25,70,2.012,4.56,3.664,2.96,13,4
275.0,342,37,23,72,2.268,3.3,2.892,2.932,10,6
276.0,355,32,24,68,2.304,4.107,3.432,3.115,10,5
277.0,342,33,23,69,2.259,3.299,2.888,3.018,11,5
278.0,337,31,20,63,2.298,4.391,3.622,3.298,12,5
279.0,353,35,24,70,2.228,4.887,3.944,3.171,9,5
280.0,363,35,22,67,2.312,4.537,3.725,3.222,12,4
281.0,348,33,25,68,2.293,3.705,3.162,3.201,15,5
282.0,328,30,22,62,2.234,3.578,3.06,2.973,10,4
283.0,354,29,22,61,2.328,3.647,3.135,3.325,12,6
284.0,341,32,25,66,2.049,4.814,3.849,3.124,6,6
285.0,304,24,23,55,2.331,4.276,3.554,3.265,11,5
286.0,291,27,22,57,2.197,4.05,3.362,3.245,13,4
287.0,317,31,22,63,2.001,4.329,3.5,3.066,12,5
288.0,290,29,21,58,2.318,5.015,4.055,3.425,10,4
289.0,321,29,21,58,2.13,5.4,4.28,3.346,13,6
290.0,362,31,25,66,2.269,5.569,4.43,3.354,10,4
291.0,325,30,24,62,2.079,6.016,4.708,3.683,13,4
292.0,311,31,24,62,2.339,5.741,4.567,3.916,11,4
293.0,325,29,24,65,2.086,5.086,4.049,3.223,14,5
294.0,354,31,25,67,2.131,5.286,4.2,3.496,10,5
295.0,347,29,25,65,2.272,4.843,3.925,3.39,15,4
296.0,358,28,23,60,2.381,5.233,4.222,3.758,11,4
297.0,383,33,28,74,2.211,5.116,4.099,3.47,16,5
298.0,337,30,24,63,2.458,5.239,4.245,3.595,10,4
299.0,374,34,26,75,2.059,4.936,3.937,3.337,12,4
300.0,324,31,24,66,2.184,4.884,3.931,3.373,12,4
301.0,358,33,23,64,2.286,5.069,4.085,3.417,12,4
302.0,297,27,22,58,2.266,6.426,5.037,3.721,12,5
303.0,341,32,22,61,2.164,6.564,5.116,3.747,7,5
304.0,336,34,26,71,2.219,4.86,3.923,3.27,11,4
305.0,332,28,22,59,2.046,5.597,4.402,3.298,13,6
306.0,349,30,22,65,1.953,5.431,4.264,3.187,13,5
307.0,318,26,24,58,2.277,6.055,4.775,3.615,11,4
308.0,303,29,23,61,2.298,5.52,4.402,3.704,10,5
309.0,318,28,20,58,2.147,6.642,5.169,3.619,12,4
310.0,358,32,24,69,2.19,5.164,4.127,3.346,13,6
311.0,372,29,23,66,1.999,4.893,3.893,3.279,15,6
312.0,416,33,27,76,1.726,7.386,5.643,3.617,12,5
313.0,327,33,25,68,1.801,5.927,4.592,3.324,11,6
314.0,292,30,26,66,1.951,5.43,4.264,3.051,12,6
315.0,294,30,23,62,2.005,6.472,5.022,3.648,10,4
316.0,351,35,29,78,1.954,5.586,4.375,3.435,11,5
317.0,373,36,30,84,1.911,4.333,3.481,2.965,11,4
318.0,411,37,29,87,1.789,5.273,4.12,3.295,17,6
319.0,340,34,28,73,2.022,6.897,5.331,3.841,13,5
320.0,345,35,28,73,1.839,6.97,5.355,3.767,12,4
321.0,346,36,28,78,1.833,7.086,5.439,3.799,11,2
322.0,383,37,27,78,1.848,5.971,4.632,3.456,10,2
323.0,347,35,28,74,1.936,6.696,5.172,3.494,9,3
324.0,355,37,29,79,1.883,6.55,5.057,3.431,10,6
325.0,390,33,26,69,1.892,7.118,5.471,3.691,8,4
326.0,421,37,27,76,1.863,7.198,5.525,3.642,12,4
327.0,388,37,26,76,1.986,6.811,5.263,3.846,9,4
328.0,354,36,25,70,1.997,7.081,5.461,3.939,12,3
329.0,355,39,27,78,2.024,6.939,5.362,3.869,8,2
330.0,371,36,26,78,2.111,6.561,5.104,3.941,10,4
331.0,363,34,28,71,2.223,7.172,5.564,4.113,9,4
332.0,375,35,26,71,2.313,6.813,5.323,4.098,13,2
333.0,385,33,28,76,2.22,7.568,5.85,4.154,10,4
334.0,362,36,27,77,2.254,6.843,5.333,3.909,9,2
335.0,380,35,28,76,2.26,6.885,5.365,4.014,12,2
336.0,307,37,28,72,2.145,7.355,5.684,3.843,8,4
337.0,389,32,30,75,2.081,7.579,5.836,3.881,11,2
338.0,303,35,27,70,2.218,6.976,5.422,4.038,11,4
339.0,400,35,29,74,2.102,6.969,5.397,3.847,12,4
340.0,353,38,29,76,2.144,7.019,5.44,3.756,11,4
341.0,349,34,28,76,1.997,6.203,4.826,3.678,10,2
342.0,349,31,26,69,2.125,6.165,4.823,3.663,14,4
343.0,332,36,27,71,1.999,7.435,5.718,4.02,12,3
344.0,363,36,30,77,2.162,7.904,6.085,3.945,10,2
345.0,338,32,24,67,2.095,6.943,5.377,3.855,12,2
346.0,338,33,29,73,2.317,7.063,5.504,4.065,7,2
347.0,344,37,28,74,2.118,7.568,5.834,3.893,9,2
348.0,373,36,29,74,2.092,6.278,4.898,3.655,9,3
349.0,386,35,30,77,2.012,6.764,5.233,3.698,7,4
350.0,360,33,29,75,2.11,8.741,6.688,4.602,11,4
351.0,333,36,28,75,2.135,6.823,5.297,3.894,8,3
352.0,317,34,27,70,2.235,7.399,5.731,4.071,8,4
353.0,322,31,26,64,2.071,6.118,4.779,3.664,10,2
354.0,345,32,28,72,1.941,6.108,4.748,3.496,11,3
355.0,324,29,27,68,2.004,6.39,4.962,3.741,8,3
356.0,345,31,26,67,2.05,5.264,4.167,3.316,12,2
357.0,337,32,26,69,1.994,6.074,4.733,3.714,10,2
358.0,354,31,27,72,1.996,5.094,4.035,3.708,12,3
359.0,335,30,28,74,2.094,6.612,5.138,4.147,8,3
360.0,367,30,27,74,2.136,6.357,4.963,3.916,9,3
361.0,342,31,28,70,2.109,6.317,4.929,3.901,6,3
362.0,386,34,28,77,2.408,8.653,6.668,4.961,12,3
363.0,367,37,28,79,2.024,7.395,5.693,4.182,9,3
364.0,411,36,28,79,2.403,7.839,6.077,4.349,14,2
365.0,326,37,27,80,2.31,7.906,6.11,4.472,11,3
366.0,347,33,28,76,2.218,6.697,5.222,4.055,10,2
367.0,386,35,29,82,2.162,6.965,5.405,3.889,11,3
368.0,342,35,32,82,2.086,6.149,4.804,3.648,8,3
369.0,293,33,28,73,2.125,7.614,5.868,4.035,12,3
370.0,386,33,30,83,2.363,7.169,5.588,4.127,12,2
371.0,400,35,29,80,2.263,5.843,4.622,3.528,10,2
372.0,435,36,31,89,2.247,6.944,5.405,3.999,16,4
373.0,403,36,29,80,2.076,7.37,5.683,4.082,13,3
374.0,454,38,30,89,2.074,6.707,5.203,3.905,11,3
375.0,398,36,28,79,2.15,7.116,5.512,4.056,12,2
376.0,368,35,28,78,2.19,7.072,5.487,4.024,11,3
377.0,388,37,30,83,2.17,7.143,5.535,4.174,14,2
378.0,389,39,30,88,2.14,7.411,5.723,4.63,12,3
379.0,379,35,30,83,2.086,7.101,5.49,4.185,12,2
380.0,362,32,27,67,2.033,6.934,5.36,3.948,12,2
381.0,331,35,28,78,2.064,6.894,5.337,4.137,13,2
382.0,323,32,26,70,2.004,6.508,5.047,3.667,10,4
383.0,358,29,25,64,2.268,6.663,5.207,4.018,13,2
384.0,378,34,27,75,2.161,7.227,5.593,3.788,12,3
385.0,381,37,29,82,2.191,7.895,6.083,3.966,12,2
386.0,352,32,27,71,2.26,7.301,5.664,3.851,12,2
387.0,359,33,29,76,1.936,7.036,5.418,3.597,13,2
388.0,344,32,26,69,2.124,7.237,5.594,3.729,12,3
389.0,399,34,27,78,2.0,7.212,5.557,3.773,14,2
390.0,378,33,27,74,2.027,7.498,5.768,3.609,12,4
391.0,401,38,27,80,2.131,8.976,6.862,4.263,9,4
392.0,363,34,26,75,1.945,7.354,5.651,3.684,12,4
393.0,396,37,27,81,2.02,6.791,5.254,3.804,15,4
394.0,398,35,25,78,2.025,7.131,5.501,3.794,14,4
395.0,373,33,29,82,2.074,6.081,4.753,3.619,12,2
396.0,404,34,31,82,1.968,7.516,5.772,3.83,13,3
397.0,462,34,28,81,1.939,7.37,5.662,3.862,13,4
398.0,380,36,26,78,2.007,6.808,5.264,3.654,10,3
399.0,398,37,27,77,1.986,7.22,5.56,3.789,15,4
400.0,380,33,26,73,2.003,7.295,5.617,3.852,12,3
401.0,362,32,27,73,1.948,7.443,5.716,3.721,11,2
402.0,335,34,28,73,2.121,9.071,6.93,4.195,11,2
403.0,371,33,26,73,2.086,6.906,5.349,3.529,13,3
404.0,378,35,27,75,2.247,8.116,6.252,4.07,14,3
405.0,413,33,25,77,2.084,6.505,5.059,3.682,11,3
406.0,373,32,25,71,2.098,6.904,5.35,3.895,13,3
407.0,376,34,26,76,2.271,6.832,5.328,3.826,12,3
408.0,381,34,27,76,2.006,6.575,5.096,3.665,15,2
409.0,412,35,27,76,1.911,7.494,5.748,3.69,8,2
410.0,406,36,29,82,1.899,7.767,5.946,3.938,14,3
411.0,412,34,28,77,1.915,7.026,5.407,3.682,14,4
412.0,357,29,24,65,2.041,6.934,5.361,3.973,13,2
413.0,392,35,27,76,1.841,5.967,4.628,3.231,11,2
414.0,389,35,27,76,1.995,6.435,4.993,3.39,11,2
415.0,395,35,25,72,2.116,6.389,4.981,3.711,12,2
416.0,339,31,26,69,2.18,6.252,4.896,3.344,10,3
417.0,312,31,26,66,2.041,6.08,4.746,3.582,9,5
418.0,328,34,25,70,2.207,7.604,5.874,4.105,10,2
419.0,357,36,25,74,2.043,5.797,4.544,3.452,7,5
420.0,355,35,26,75,2.088,6.167,4.817,3.767,11,6
421.0,372,34,25,73,1.994,6.88,5.314,3.904,9,5
422.0,312,33,24,66,2.121,6.705,5.21,3.911,13,6
423.0,292,34,24,68,1.979,6.835,5.28,3.832,8,6
424.0,286,35,26,72,2.032,6.471,5.025,3.77,10,4
425.0,321,31,24,69,2.168,8.37,6.425,4.289,10,2
426.0,315,33,27,69,2.068,6.787,5.26,3.847,11,4
427.0,420,32,26,75,2.016,6.885,5.322,3.677,11,2
428.0,344,31,28,70,2.156,7.628,5.884,4.258,9,2
429.0,318,30,25,65,2.119,7.639,5.885,3.931,12,3
430.0,297,26,25,60,2.157,7.566,5.839,4.034,7,2
431.0,350,32,25,72,2.078,6.833,5.295,3.914,8,2
432.0,344,28,26,65,2.03,5.49,4.323,3.276,12,2
433.0,411,34,23,75,2.12,6.266,4.895,3.667,11,4
434.0,456,36,28,79,2.077,5.612,4.419,3.504,12,4
435.0,352,36,28,75,2.273,7.23,5.615,4.19,11,3
436.0,374,32,24,68,2.188,7.002,5.436,4.001,9,2
437.0,354,29,25,67,2.039,5.914,4.627,3.423,10,4
438.0,372,32,24,72,1.813,6.159,4.762,3.173,9,4
439.0,332,31,24,69,2.142,6.214,4.861,3.62,9,2
440.0,350,32,24,68,2.062,6.033,4.716,3.378,11,4
441.0,327,33,26,68,2.046,6.019,4.703,3.449,8,3
442.0,325,32,27,74,2.091,5.398,4.27,3.266,11,3
443.0,387,34,27,78,1.994,5.0,3.968,3.064,7,3
444.0,334,30,25,72,2.213,6.921,5.382,3.943,9,3
445.0,368,33,25,70,2.002,4.903,3.902,3.064,10,4
446.0,359,35,25,75,2.17,6.13,4.807,3.535,8,3
447.0,369,31,25,71,2.046,6.503,5.051,3.578,12,4
448.0,380,31,25,70,2.185,6.406,5.007,3.604,10,3
449.0,158,16,15,32,2.037,54.894,41.091,38.62,9,2
450.0,360,33,26,73,2.287,5.973,4.72,3.616,11,3
451.0,376,32,27,73,2.074,6.104,4.77,3.683,13,4
452.0,348,28,28,74,2.235,5.066,4.07,3.182,11,4
453.0,386,32,27,70,1.929,4.992,3.948,3.179,9,4
454.0,386,32,27,69,2.151,5.38,4.27,3.435,10,4
455.0,388,32,27,74,1.869,3.925,3.188,2.599,10,4
456.0,357,32,27,70,2.167,5.322,4.233,3.133,12,4
457.0,376,33,27,74,1.991,5.071,4.017,3.154,12,4
458.0,385,31,27,74,2.022,6.121,4.772,3.524,13,4
459.0,383,32,27,74,2.11,4.998,3.993,3.306,12,4
460.0,364,32,26,77,2.118,4.133,3.397,2.997,11,4
461.0,364,30,26,69,2.185,3.591,3.053,2.953,13,4
462.0,370,31,26,73,1.912,4.935,3.904,3.314,12,4
463.0,335,29,24,69,1.879,5.348,4.191,3.476,8,2
464.0,364,32,25,74,1.964,4.997,3.959,3.129,11,2
465.0,355,29,26,66,2.142,5.094,4.067,3.184,7,2
466.0,319,30,23,66,1.919,4.287,3.451,3.001,9,2
467.0,344,30,24,68,1.931,6.16,4.783,3.652,7,3
468.0,319,31,25,68,2.227,6.113,4.806,3.741,9,3
469.0,340,33,23,63,2.011,4.256,3.452,3.02,7,3
470.0,371,34,23,69,1.981,4.889,3.887,3.009,10,3
471.0,337,34,24,69,1.975,6.273,4.873,3.431,10,4
472.0,383,32,27,72,1.95,6.53,5.054,3.327,11,3
473.0,323,30,26,65,1.97,4.695,3.748,3.175,12,3
474.0,284,30,24,64,1.883,4.431,3.543,2.84,9,3
475.0,319,32,23,66,1.91,4.628,3.687,2.804,11,4
476.0,338,32,24,67,2.119,4.023,3.322,2.929,11,2
477.0,338,33,24,71,2.043,5.241,4.148,3.066,8,2
478.0,328,31,26,70,1.918,4.653,3.707,2.854,9,2
479.0,320,32,25,67,2.18,5.842,4.604,3.07,11,4
480.0,320,30,22,59,2.084,5.25,4.164,3.231,7,2
481.0,318,30,23,67,2.196,5.136,4.109,3.446,9,3
482.0,331,31,26,66,2.26,5.112,4.108,3.284,10,4
483.0,332,36,26,71,2.084,5.435,4.295,3.418,9,3
484.0,329,34,25,65,2.117,5.258,4.177,3.094,9,4
485.0,337,35,25,72,2.019,5.68,4.456,3.31,5,4
486.0,375,34,27,75,2.329,6.214,4.899,3.543,9,4
487.0,321,32,26,71,1.877,4.705,3.734,3.009,10,4
488.0,317,30,25,66,2.239,5.828,4.606,3.292,8,3
489.0,368,31,24,67,2.063,6.013,4.702,3.252,8,1
490.0,313,28,22,58,2.084,4.991,3.982,3.078,8,2
491.0,328,31,26,68,2.133,5.197,4.138,3.257,10,2
492.0,348,31,25,71,2.139,4.918,3.944,3.372,8,2
493.0,347,32,24,66,2.012,4.91,3.908,3.243,9,3
494.0,342,34,26,68,2.034,5.419,4.273,3.329,13,4
495.0,324,31,26,69,2.178,5.43,4.312,3.824,10,2
496.0,398,33,28,70,2.075,6.454,5.021,3.595,10,3
497.0,392,32,25,70,2.146,5.148,4.106,3.137,14,4
498.0,394,34,27,71,2.035,4.522,3.643,3.17,12,4
499.0,385,31,26,70,2.093,5.777,4.54,3.552,11,2
500.0,316,34,27,69,1.927,4.499,3.601,3.111,9,2
