scFv,CLDN4,CLDN1,CLDN10,CLDN11,CLDN12,CLDN14,CLDN15,CLDN16,CLDN17,CLDN18,CLDN18.2,CLDN19,CLDN2,CLDN20,CLDN22,CLDN23,CLDN24,CLDN25,CLDN3,CLDN34,CLDN5,CLDN6,CLDN7,CLDN8,CLDN9
scfv_0_2,0.3469124086695279,0.2681697711785024,0.3596048029219981,0.4884216192132264,0.3513908172767958,0.3116267182221863,0.863848041390537,0.485032844387,0.3634118158931032,0.3318740555419275,0.4279447179950478,0.412702659514929,0.3169243490921676,0.2489805354902539,0.4976769433428014,0.2275659911923192,0.5237658591542238,0.4595311187210888,0.5443036468961041,0.3219405465332729,0.1292403637833361,0.7575753045130014,0.3372587637859786,0.3054292534473001,0.7098952898339805
scfv_0_4,0.196178897404386,0.5278717059432446,0.3865026851337013,0.5852060681373281,0.3637444758546877,0.3310538064330625,0.4991572655696356,0.5128334302192562,0.4372252485340859,0.3357446949736036,0.5742434911672658,0.7294034157642911,0.3452582466338021,0.8457778911329652,0.3734379785611853,0.2928367710743768,0.3731747911873577,0.3665641085028238,0.6596793789281652,0.4164375582287972,0.1456653958978944,0.7818230834087998,0.5749350618587287,0.3218645881213131,0.3529040873488017
scfv_0_8,0.2302501143243703,0.304774060569041,0.2741395891448385,0.1841369208774473,0.3795082388035563,0.1734409149729923,0.3658082578483036,0.4887024282090849,0.4040259634232688,0.2622668515837043,0.2939345076939812,0.2809647579273453,0.762343403681481,0.6778302118259536,0.3297977148457621,0.1785665836328668,0.3483807416389757,0.3606083189621685,0.1954301234448194,0.3666782730404343,0.1390685134252451,0.7178798973383167,0.2296392665063621,0.2166619315940786,0.2851942303874958
scfv_23_7,0.4707635829768827,0.2646998481394964,0.7070000213327872,0.6826624252879812,0.3493129110356648,0.8288869470928909,0.6041820783809686,0.4647513566278385,0.5539188612819217,0.3835055883745131,0.4016229035092713,0.3126468615462595,0.3169550754332604,0.4100673132256251,0.4343930073190922,0.1154238260052342,0.4433211161487376,0.4087598046646316,0.3117514996009634,0.4411668371102605,0.468779855656576,0.4347404705887762,0.5461194850749799,0.3976237624099624,0.2803683959932342
scfv_25_2,0.6246149268923116,0.6299990399073983,0.7813657757570515,0.2657027432989383,0.3211267007421325,0.2645753045130014,0.3509105096010425,0.2599904626214834,0.6416857823424021,0.2993280618450503,0.3227563213541063,0.194128889958621,0.4300394300659846,0.1726006340244086,0.3538769205204578,0.256026072138792,0.3481226072212299,0.3491956268593545,0.3029941601617415,0.4654298849571954,0.5892933410457044,0.5211395891448385,0.3840711578832076,0.793395908567943,0.5307788557767136
scfv_25_4,0.3969622496608656,0.2954871199948256,0.296219842408611,0.145672753240245,0.7409597247736993,0.446933112123445,0.5117314200126322,0.3319139796973107,0.2885368388808617,0.2510103583059104,0.1380947645521729,0.2782878084521247,0.4804165630114448,0.3682967748515438,0.3427668912652589,0.4426227223733687,0.2548711100413789,0.1359545672923903,0.3712448115500116,0.7800729896685763,0.5384777040536952,0.8155860994081743,0.2299038102988503,0.7005200852460255,0.7817414859613474
scfv_37_1,0.3027958330280024,0.3946229115503165,0.4681624252879811,0.3885869114184404,0.491737084565355,0.6705684068957124,0.4217802804601722,0.3580869535881984,0.7489313732251959,0.3445945679712943,0.6839602459661688,0.2302591061999417,0.3686674564139757,0.2564290789689272,0.5152264891396803,0.272959594748915,0.5496594371321879,0.497412087014096,0.5604777040536952,0.2303264606262527,0.3655716977917278,0.7530965674110578,0.4854651313026127,0.6765894104068177,0.7451577621649057
scfv_39_0,0.3502461317793696,0.4950018730437119,0.3733306541202821,0.4761272261778106,0.5471828535701868,0.3075365863133039,0.4293046091416415,0.3924637783544391,0.4840996290996541,0.3793352238697824,0.3663134641785678,0.5088837469151211,0.5302082236775791,0.8211363046161102,0.4983647127729579,0.357644730186569,0.5253134676679152,0.7952624320934532,0.3951459504994564,0.6532424134934306,0.3763302617958964,0.4054886943194998,0.3165909673955009,0.4877611704633213,0.4196457333498475
scfv_39_1,0.7430935316484976,0.4183123405730208,0.4124090845537321,0.4366854361715867,0.5106092893388944,0.612834925792498,0.2755281341392888,0.3972196718809735,0.4566296348255197,0.4161250078376342,0.4123162137175354,0.7930160139612996,0.2948867620599507,0.6772620690952073,0.3737795597912424,0.389160017381438,0.3530915582506095,0.3772400849118272,0.4238796044072562,0.8769165459638633,0.6519416329950011,0.3719730689688107,0.7215041538358651,0.4804141740117316,0.3971072930333779
scfv_39_2,0.5706656559939265,0.5608276906487435,0.2151483034344515,0.4205388639212324,0.4179431345146733,0.3832772511939174,0.2854016832061334,0.4812432923639861,0.4239086133005805,0.4464674372482644,0.408174719299997,0.7977627693318171,0.7516775109439124,0.5628557361314663,0.4234093144209739,0.3782398484339193,0.5177520832576408,0.7135315828920599,0.4761037589797446,0.5275259055733786,0.7847960119748951,0.3460088714807098,0.6753532193995009,0.4806797644864827,0.4460564123516135
scfv_39_3,0.5345971911631598,0.2336712207297253,0.365607965329194,0.3507747810567088,0.3318314307150782,0.3423649922909942,0.4333966503037244,0.3177928164512923,0.3970883996612154,0.3537605024502867,0.33529235068967,0.5569709467000366,0.8082346053058458,0.3340854474098589,0.4188042800846883,0.4489069664870809,0.3689610329610813,0.444107965329194,0.3832958662581367,0.7197319637000474,0.6352277932774586,0.3644751669752788,0.2680110135750855,0.5910425352349372,0.3130776869789021
scfv_39_5,0.5431597237110034,0.5055906310135782,0.4429404713779379,0.4330404374441481,0.6089780107926993,0.5346839544691205,0.4129473920807399,0.4737075425001076,0.4861266943838136,0.2824671649736222,0.3265109881414949,0.5379734709387942,0.5605629269278081,0.2230013647743245,0.3892562542439862,0.3675160613704967,0.6315681852550474,0.6107719824016011,0.3352390592277656,0.6751040409974906,0.5976773643602583,0.3784460489420954,0.4998041032585316,0.6966238288169967,0.4938258634458898
scfv_48_1,0.8765151553249788,0.370026270538923,0.5453858215477898,0.4707454390594136,0.5306798251008651,0.3347956696843226,0.8663449408058366,0.7405703090376632,0.5148205004416953,0.3043993659755914,0.2050784532442099,0.3749490109311797,0.4003000677094195,0.5958253233408998,0.399976084687122,0.2286651798987741,0.4387246991145124,0.3584665023783301,0.3393476138163768,0.1233563697108084,0.5218267865906642,0.2380476724502405,0.2245339966072533,0.3258049167278638,0.2080321702508803
scfv_48_2,0.3663634607700113,0.4872518570985659,0.3457986068550074,0.342728746716907,0.3579678333094991,0.3727457362176549,0.6915906278998127,0.8684632337212197,0.4329314365403415,0.3625237010923731,0.3203024150496544,0.395016083437254,0.3727862590529919,0.5816306997496996,0.3614572709724011,0.2597695921280443,0.3590301908892449,0.3290024121948911,0.2344395250510654,0.2083270073496767,0.4427422049188966,0.4001576092196603,0.4304801842374134,0.3322570712489125,0.4078645679377215
scfv_50_2,0.5118875855498475,0.5295232164762521,0.408074369789087,0.7618777292372778,0.3672423768306045,0.6702076061345511,0.4491982437430261,0.3360529734920381,0.2130912073982055,0.4353923273691955,0.2628057137302735,0.2843315370860948,0.2052213383719975,0.2844475386963598,0.6099648370367723,0.264387825088033,0.4258774077624602,0.3287090710587285,0.2911661815887292,0.3181923134595625,0.2463119636496389,0.3124017108735585,0.7018910035672684,0.366125364406312,0.4807480622344098
scfv_55_6,0.8701983984195393,0.5895294873299268,0.4386085130434844,0.5805775314939453,0.3451872959042099,0.358553535140114,0.4600572843896631,0.3474228746869842,0.8568612444013044,0.4536212864653462,0.3025575041846106,0.447433112123445,0.3375716655481518,0.484492192699103,0.8359774926850216,0.4421443412621221,0.8046730243713829,0.8294201540497119,0.8457271804498837,0.7838228375390915,0.4596724349788713,0.4966761804511311,0.8117219071006835,0.8318235999967929,0.5721765806248857
scfv_55_9,0.5965563650185544,0.6530764838209033,0.7295481789978434,0.4124339532055948,0.8142886197885392,0.5535320013073666,0.5417124242843583,0.4562851975015776,0.5935169096738202,0.4055510218289833,0.3299113637056741,0.7664055253947495,0.5042317057954844,0.4239217921117826,0.4291309293355113,0.2123596547857716,0.4385872358681799,0.6862584589254934,0.5672278397533753,0.4464427615022817,0.6026826114406896,0.4724368031931144,0.4285053030499384,0.8778082578483037,0.4589777026523468
scfv_66_2,0.2372565533562713,0.8194533154852661,0.390917740415264,0.5221454837740502,0.3707370266268308,0.3269213936331781,0.4545910541320254,0.7985330644958489,0.3225847419200808,0.3027603472972318,0.3947776252761338,0.2407530848233669,0.619078458564009,0.3315123143838506,0.3411730111011885,0.2414916027362591,0.3445605604698107,0.3488034547978029,0.2669051039133967,0.4154965764639833,0.2941465914971765,0.299481460371147,0.450151728623567,0.3835609871009067,0.3360112541997975
scfv_66_6,0.1914321488967045,0.3497235988973863,0.3454673844304315,0.4495570311545888,0.303506226061926,0.3352399561740149,0.3927721129933216,0.3745860994081743,0.3028923489410037,0.4154608001573883,0.24364410886945,0.3250917300993923,0.3376405617000076,0.1622700335688511,0.3644547528720281,0.3182186197128906,0.3605034475094771,0.3441606982400325,0.2432819680977101,0.4227912794691658,0.2399096718092697,0.2289230226064186,0.498695815576178,0.2439375000052084,0.1997642955736026
scfv_66_8,0.2594416137454507,0.3444308938208059,0.3386700722465061,0.6156637657968287,0.2574021631554812,0.3651476192289672,0.6221576143035148,0.6374562522078949,0.3383879019790254,0.3957016180373248,0.3433033367266823,0.3317524567789882,0.7258499348968332,0.3639053021456473,0.3807534863457719,0.292766930114415,0.2649973350388954,0.2005494435804975,0.2619033375295823,0.3495780994562285,0.40000413440675,0.3322677656073782,0.4781588711041566,0.348606288983126,0.5656828535701868
scfv_73_0,0.8463449408058364,0.3860837429552791,0.3235330644958488,0.4750005957667578,0.2701517286235669,0.3467487929316869,0.2609306290754291,0.6721715427795752,0.2745229972593936,0.4315716977917279,0.797989494098358,0.4785906463282042,0.3713133231344451,0.2578498637002357,0.4256308164375573,0.2843718950707945,0.3797241079819556,0.4237419423032709,0.3828455166577861,0.1992090792751598,0.279509657215675,0.2540647576866286,0.3656310226338792,0.4007319326475115,0.2385296352614449
scfv_73_2,0.3558634788698923,0.2834499901406832,0.2620552820049522,0.3751575100533492,0.4636391134267737,0.3719784039476252,0.2613476592081734,0.4190253484547543,0.4306872635754404,0.3482275287277594,0.4421525143585322,0.3782708743544233,0.3469828102602634,0.2139591796444688,0.3024239838258412,0.1509214937097817,0.28785975505505,0.3572388605185542,0.264381869088358,0.2843988097071486,0.270518658589147,0.3589283824004837,0.3008397144456097,0.4250029160915282,0.3517094308293423
scfv_73_5,0.3943511817263038,0.5020122858060461,0.2890058495837624,0.1883961089320794,0.3268858071340809,0.4674211054241671,0.2353122362184033,0.5039396222840179,0.2175174121202833,0.1782598087123356,0.3719898834617385,0.7117094308293423,0.3401181498302983,0.3722898232869839,0.2699214102566504,0.280173740481157,0.2481132047843745,0.324295206108651,0.4844887322628783,0.5541173941409107,0.5353249956465201,0.4107425306439121,0.7420846411334788,0.5836633172210963,0.3189345076939812
scfv_73_9,0.2027280302879075,0.257287334032156,0.5728157966092716,0.5253225267173325,0.2842266000981363,0.3551123649542759,0.2866163040006347,0.4599733266363371,0.3085062889269509,0.312352846606135,0.3583839784671958,0.3450950475797996,0.3946082870638704,0.308383734354826,0.4313232856699945,0.4017882424030351,0.4323053834230865,0.4901014731815609,0.2515872783470596,0.2841871043534576,0.2084791124151649,0.3342815783632783,0.4048460584822302,0.5307093277149535,0.2966642523321156
scfv_77_1,0.5639770027406064,0.2994854459672567,0.692671739226561,0.3921371320857251,0.2757667470179259,0.4031632234709795,0.2386681513016269,0.374345194111035,0.4108348905672581,0.3572314667382567,0.3690383354180686,0.3377581477961749,0.3933757226644092,0.2689771518616684,0.2118057696125042,0.450400132051473,0.1787814793062273,0.1759632027056286,0.7180402124424355,0.7877484719741014,0.3845632597026508,0.3975483096114565,0.3053352243659383,0.4472642834363781,0.2054122128249773
scfv_77_6,0.549847324163431,0.574768336805314,0.6809605212571881,0.3789823144693186,0.3125410462311752,0.2716095755482662,0.3969693283590144,0.3337107603408004,0.3865458634160109,0.2173811962463241,0.3444869964403643,0.3474982077454654,0.3389508407421542,0.3079345915753732,0.2729716930138214,0.3952104081643299,0.2264736917789227,0.2388827063599694,0.3365907519687307,0.3714876779745272,0.2779756739293402,0.2558298527554815,0.332383746915121,0.2074500893057762,0.2924778216439335
scfv_7_9,0.3343211161487375,0.8164778686911685,0.3299067757159485,0.3867481834669859,0.3639769136339025,0.3454921023040261,0.3291601032398416,0.3143023333810144,0.3100113638374703,0.3202302706712649,0.2474478425481349,0.2722131788260976,0.3316116913633746,0.2893376413190847,0.3268420800477138,0.1928827063599694,0.354798605289418,0.4076306953523199,0.1954096819096964,0.2213164216015121,0.2796095755482662,0.2681503750808577,0.3249229293426495,0.3744999975330091,0.3201450485854177
scfv_83_1,0.4011795925129859,0.1811395878107256,0.3763281204588028,0.2457768032920151,0.3211237397750929,0.4597068306823493,0.1553459742335047,0.8641084954162364,0.3127669301144151,0.2952424134934306,0.3833684320153464,0.6332921666382005,0.3430153920256105,0.2755284353244062,0.329787750561374,0.2195699187325129,0.3601823645894387,0.3210132971398183,0.2938296038029048,0.3326835783984878,0.5182370608009096,0.280847807179992,0.3233488233846706,0.3048907454998991,0.2939298024410988
scfv_83_2,0.3113423879833565,0.280710375053379,0.470545405280562,0.5516058950704952,0.4401995299300533,0.3941927647206777,0.2735421606561009,0.676209077564808,0.4315838632061878,0.208027181360828,0.6331542101432628,0.3596597668166773,0.4374017123867721,0.1971786510455256,0.5375527744863209,0.602847807179992,0.3290851179245408,0.3836922965069851,0.4407897186891166,0.3533775182397528,0.3088951409021303,0.3808798080837983,0.2825184266906293,0.4178689899214939,0.3864615109032877
scfv_85_8,0.4013394983289454,0.34813613545459,0.6581137314437601,0.3829457722082456,0.3184919109904195,0.5172972755580978,0.5123670492126318,0.3657683357534614,0.1886869096388386,0.5918775146399089,0.4090972021818362,0.3514798232038197,0.3463690437591751,0.3771839033740323,0.3629773860214882,0.0987799046779649,0.3601539479872814,0.3521938274318248,0.6176623233577299,0.5986160154248454,0.3221115229249108,0.3030646470270602,0.8147463106511943,0.3984253986935312,0.4159910890063009
scfv_86_0,0.3086274047253052,0.5239769673488185,0.3547608661224498,0.4083126468379697,0.192746455965166,0.44781805361672,0.2560502250457798,0.3176765535757301,0.486527353048374,0.2285323358614516,0.216902784726989,0.4154465900013788,0.2760942036580525,0.3890337864427412,0.3449264239334952,0.248939924428977,0.3549243490921676,0.3553749678973265,0.5270922063623961,0.3917682958803183,0.6131704740376274,0.3651708680860744,0.5459576504180642,0.3144614064549493,0.4802998163933954
scfv_86_1,0.3081480607878329,0.2818608772114622,0.3574966980286085,0.3146429727935862,0.3812829538452037,0.312967761078245,0.3950783605681547,0.3577323776179937,0.2975698765551806,0.1655306817826271,0.1889164746376074,0.2368766073668889,0.2773036224974774,0.3298616604531459,0.3579648652443494,0.2506811870969461,0.3519739620894164,0.3661075313249439,0.2777215679620956,0.3407175699428867,0.4868509675728941,0.2959779878358252,0.3470760050123246,0.3769366265836998,0.2978397144456097
scfv_86_2,0.3012712306727211,0.3500193565539817,0.2704128812488588,0.3574588369726065,0.4392835065067635,0.3357398799380172,0.5844452862583487,0.4185723090347381,0.1768128956465423,0.6125297571769404,0.3838198004856586,0.337824995290613,0.4379118357340991,0.2150833830353118,0.7051241814448932,0.2393510627619391,0.3545428131599435,0.3587558260731011,0.1393459742335047,0.5019673453301804,0.1708428590863434,0.2227500416650001,0.2468476451914343,0.2071701472445185,0.284596956013501
scfv_86_5,0.3198661813052208,0.52178189081057,0.5032244856738736,0.2950742809647092,0.3529482054501802,0.2837244044565739,0.3313346041021055,0.7692385946062408,0.2782298386837025,0.4822912137634807,0.7217375487202882,0.4075201779371314,0.3614406249319482,0.2133943450886944,0.4126639267526014,0.2918885933605121,0.6002308930140207,0.6676202580186978,0.3038625748681415,0.2669998516721482,0.2744469494631355,0.3774572709724011,0.3347738783780354,0.4847902533686944,0.3601886266699561
scfv_86_8,0.2330513379026033,0.3283376868194159,0.3210552820049522,0.2920469430420415,0.3561371320857251,0.3145935345988265,0.8738705288627043,0.3589387433774429,0.3418952757098402,0.3415883160498759,0.3909587078162337,0.2257499910001296,0.5253636781228355,0.3165210487301042,0.3695697101793702,0.3119742069587687,0.3880268276473543,0.6844540350485854,0.2146958303311704,0.2150253292805068,0.4189903763637644,0.2865650263987793,0.1380449245667396,0.3616790522209912,0.2183164216015121
scfv_88_1,0.295653961052074,0.3636975876420933,0.313019568145124,0.2936777981056355,0.3447650313629639,0.34797288120287,0.2666498704235291,0.6181713803990325,0.3386325705147435,0.1975606465586885,0.2712637952983539,0.3795489133283941,0.3698386538648057,0.324353365903807,0.2528154760071371,0.3134818564093742,0.2572205245110808,0.3117206225953288,0.3312683275532429,0.3923769194895083,0.5168162417236858,0.3880289263400833,0.3971802733643395,0.2134127216529404,0.2987406320424562
scfv_93_7,0.8065642300109965,0.7328125498957673,0.3787313062193961,0.4612578065017138,0.7471467327075713,0.250287334032156,0.3459845863464559,0.6552885942331637,0.7957293540686129,0.3573189089800362,0.3671525143585322,0.792550788980298,0.3513095851821666,0.5051715235243389,0.6054043404782028,0.7866169125826732,0.7922882531651109,0.8161944305827953,0.7849718800313057,0.6723524094146618,0.4499067038949955,0.8496322779959032,0.4280785570229035,0.7859547343223716,0.3603107592885494
scfv_94_1,0.2494964534131181,0.3741125258976919,0.3314564426714219,0.5054882004920777,0.2933794901692254,0.2866464477793521,0.4383847348210931,0.3574457576465376,0.7450785062902182,0.4465570193419883,0.5316188206612973,0.3408234961557727,0.4041263507692264,0.435981698240251,0.3132816864728741,0.1887678173268354,0.270878867808305,0.3412930970795127,0.304265542188573,0.7335435397662697,0.2479844801811022,0.2508296620945538,0.6796009392458864,0.509964064093086,0.2686543947293325
scfv_94_7,0.3181115229249108,0.2945770393069415,0.3191502431260584,0.1955213285237851,0.3371778160858828,0.3390569273510723,0.3336483790587619,0.380192033424401,0.2948314307150782,0.3175576724496418,0.4247973680023875,0.3296997672345125,0.3176053722747161,0.2848387161665136,0.6595886957818545,0.151770474509198,0.6705361539725221,0.3488457781878668,0.2725450396809271,0.2557192416466913,0.1885400788326531,0.247950286860862,0.2912185206937727,0.3266648779293461,0.3144489414832053
