scFv,CLDN4,homologue,STRIVE_off,margin,fails_1p20_margin
scfv_0_2,0.347,CLDN15,0.864,0.402,True
scfv_0_2,0.347,CLDN6,0.758,0.458,True
scfv_0_2,0.347,CLDN9,0.71,0.489,True
scfv_0_2,0.347,CLDN3,0.544,0.637,True
scfv_0_2,0.347,CLDN24,0.524,0.662,True
scfv_0_2,0.347,CLDN22,0.498,0.697,True
scfv_0_2,0.347,CLDN11,0.488,0.71,True
scfv_0_2,0.347,CLDN16,0.485,0.715,True
scfv_0_2,0.347,CLDN25,0.46,0.755,True
scfv_0_2,0.347,CLDN18.2,0.428,0.811,True
scfv_0_2,0.347,CLDN19,0.413,0.841,True
scfv_0_2,0.347,CLDN17,0.363,0.955,True
scfv_0_2,0.347,CLDN10,0.36,0.965,True
scfv_0_2,0.347,CLDN12,0.351,0.987,True
scfv_0_2,0.347,CLDN7,0.337,1.029,True
scfv_0_2,0.347,CLDN18,0.332,1.045,True
scfv_0_2,0.347,CLDN34,0.322,1.078,True
scfv_0_2,0.347,CLDN2,0.317,1.095,True
scfv_0_2,0.347,CLDN14,0.312,1.113,True
scfv_0_2,0.347,CLDN8,0.305,1.136,True
scfv_0_2,0.347,CLDN1,0.268,1.294,False
scfv_0_2,0.347,CLDN20,0.249,1.393,False
scfv_0_2,0.347,CLDN23,0.228,1.524,False
scfv_0_2,0.347,CLDN5,0.129,2.684,False
scfv_0_4,0.196,CLDN20,0.846,0.232,True
scfv_0_4,0.196,CLDN6,0.782,0.251,True
scfv_0_4,0.196,CLDN19,0.729,0.269,True
scfv_0_4,0.196,CLDN3,0.66,0.297,True
scfv_0_4,0.196,CLDN11,0.585,0.335,True
scfv_0_4,0.196,CLDN7,0.575,0.341,True
scfv_0_4,0.196,CLDN18.2,0.574,0.342,True
scfv_0_4,0.196,CLDN1,0.528,0.372,True
scfv_0_4,0.196,CLDN16,0.513,0.383,True
scfv_0_4,0.196,CLDN15,0.499,0.393,True
scfv_0_4,0.196,CLDN17,0.437,0.449,True
scfv_0_4,0.196,CLDN34,0.416,0.471,True
scfv_0_4,0.196,CLDN10,0.387,0.508,True
scfv_0_4,0.196,CLDN22,0.373,0.525,True
scfv_0_4,0.196,CLDN24,0.373,0.526,True
scfv_0_4,0.196,CLDN25,0.367,0.535,True
scfv_0_4,0.196,CLDN12,0.364,0.539,True
scfv_0_4,0.196,CLDN9,0.353,0.556,True
scfv_0_4,0.196,CLDN2,0.345,0.568,True
scfv_0_4,0.196,CLDN18,0.336,0.584,True
scfv_0_4,0.196,CLDN14,0.331,0.593,True
scfv_0_4,0.196,CLDN8,0.322,0.61,True
scfv_0_4,0.196,CLDN23,0.293,0.67,True
scfv_0_4,0.196,CLDN5,0.146,1.347,False
scfv_0_8,0.23,CLDN2,0.762,0.302,True
scfv_0_8,0.23,CLDN6,0.718,0.321,True
scfv_0_8,0.23,CLDN20,0.678,0.34,True
scfv_0_8,0.23,CLDN16,0.489,0.471,True
scfv_0_8,0.23,CLDN17,0.404,0.57,True
scfv_0_8,0.23,CLDN12,0.38,0.607,True
scfv_0_8,0.23,CLDN34,0.367,0.628,True
scfv_0_8,0.23,CLDN15,0.366,0.629,True
scfv_0_8,0.23,CLDN25,0.361,0.639,True
scfv_0_8,0.23,CLDN24,0.348,0.661,True
scfv_0_8,0.23,CLDN22,0.33,0.698,True
scfv_0_8,0.23,CLDN1,0.305,0.755,True
scfv_0_8,0.23,CLDN18.2,0.294,0.783,True
scfv_0_8,0.23,CLDN9,0.285,0.807,True
scfv_0_8,0.23,CLDN19,0.281,0.819,True
scfv_0_8,0.23,CLDN10,0.274,0.84,True
scfv_0_8,0.23,CLDN18,0.262,0.878,True
scfv_0_8,0.23,CLDN7,0.23,1.003,True
scfv_0_8,0.23,CLDN8,0.217,1.063,True
scfv_0_8,0.23,CLDN3,0.195,1.178,True
scfv_0_8,0.23,CLDN11,0.184,1.25,False
scfv_0_8,0.23,CLDN23,0.179,1.289,False
scfv_0_8,0.23,CLDN14,0.173,1.328,False
scfv_0_8,0.23,CLDN5,0.139,1.656,False
scfv_23_7,0.471,CLDN14,0.829,0.568,True
scfv_23_7,0.471,CLDN10,0.707,0.666,True
scfv_23_7,0.471,CLDN11,0.683,0.69,True
scfv_23_7,0.471,CLDN15,0.604,0.779,True
scfv_23_7,0.471,CLDN17,0.554,0.85,True
scfv_23_7,0.471,CLDN7,0.546,0.862,True
scfv_23_7,0.471,CLDN5,0.469,1.004,True
scfv_23_7,0.471,CLDN16,0.465,1.013,True
scfv_23_7,0.471,CLDN24,0.443,1.062,True
scfv_23_7,0.471,CLDN34,0.441,1.067,True
scfv_23_7,0.471,CLDN6,0.435,1.083,True
scfv_23_7,0.471,CLDN22,0.434,1.084,True
scfv_23_7,0.471,CLDN20,0.41,1.148,True
scfv_23_7,0.471,CLDN25,0.409,1.152,True
scfv_23_7,0.471,CLDN18.2,0.402,1.172,True
scfv_23_7,0.471,CLDN8,0.398,1.184,True
scfv_23_7,0.471,CLDN18,0.384,1.228,False
scfv_23_7,0.471,CLDN12,0.349,1.348,False
scfv_23_7,0.471,CLDN2,0.317,1.485,False
scfv_23_7,0.471,CLDN19,0.313,1.506,False
scfv_23_7,0.471,CLDN3,0.312,1.51,False
scfv_23_7,0.471,CLDN9,0.28,1.679,False
scfv_23_7,0.471,CLDN1,0.265,1.778,False
scfv_23_7,0.471,CLDN23,0.115,4.079,False
scfv_25_2,0.625,CLDN8,0.793,0.787,True
scfv_25_2,0.625,CLDN10,0.781,0.799,True
scfv_25_2,0.625,CLDN17,0.642,0.973,True
scfv_25_2,0.625,CLDN1,0.63,0.991,True
scfv_25_2,0.625,CLDN5,0.589,1.06,True
scfv_25_2,0.625,CLDN9,0.531,1.177,True
scfv_25_2,0.625,CLDN6,0.521,1.199,True
scfv_25_2,0.625,CLDN34,0.465,1.342,False
scfv_25_2,0.625,CLDN2,0.43,1.452,False
scfv_25_2,0.625,CLDN7,0.384,1.626,False
scfv_25_2,0.625,CLDN22,0.354,1.765,False
scfv_25_2,0.625,CLDN15,0.351,1.78,False
scfv_25_2,0.625,CLDN25,0.349,1.789,False
scfv_25_2,0.625,CLDN24,0.348,1.794,False
scfv_25_2,0.625,CLDN18.2,0.323,1.935,False
scfv_25_2,0.625,CLDN12,0.321,1.945,False
scfv_25_2,0.625,CLDN3,0.303,2.061,False
scfv_25_2,0.625,CLDN18,0.299,2.087,False
scfv_25_2,0.625,CLDN11,0.266,2.351,False
scfv_25_2,0.625,CLDN14,0.265,2.361,False
scfv_25_2,0.625,CLDN16,0.26,2.402,False
scfv_25_2,0.625,CLDN23,0.256,2.44,False
scfv_25_2,0.625,CLDN19,0.194,3.218,False
scfv_25_2,0.625,CLDN20,0.173,3.619,False
scfv_25_4,0.397,CLDN6,0.816,0.487,True
scfv_25_4,0.397,CLDN9,0.782,0.508,True
scfv_25_4,0.397,CLDN34,0.78,0.509,True
scfv_25_4,0.397,CLDN12,0.741,0.536,True
scfv_25_4,0.397,CLDN8,0.701,0.567,True
scfv_25_4,0.397,CLDN5,0.538,0.737,True
scfv_25_4,0.397,CLDN15,0.512,0.776,True
scfv_25_4,0.397,CLDN2,0.48,0.826,True
scfv_25_4,0.397,CLDN14,0.447,0.888,True
scfv_25_4,0.397,CLDN23,0.443,0.897,True
scfv_25_4,0.397,CLDN3,0.371,1.069,True
scfv_25_4,0.397,CLDN20,0.368,1.078,True
scfv_25_4,0.397,CLDN22,0.343,1.158,True
scfv_25_4,0.397,CLDN16,0.332,1.196,True
scfv_25_4,0.397,CLDN10,0.296,1.34,False
scfv_25_4,0.397,CLDN1,0.295,1.343,False
scfv_25_4,0.397,CLDN17,0.289,1.376,False
scfv_25_4,0.397,CLDN19,0.278,1.426,False
scfv_25_4,0.397,CLDN24,0.255,1.558,False
scfv_25_4,0.397,CLDN18,0.251,1.581,False
scfv_25_4,0.397,CLDN7,0.23,1.727,False
scfv_25_4,0.397,CLDN11,0.146,2.725,False
scfv_25_4,0.397,CLDN18.2,0.138,2.875,False
scfv_25_4,0.397,CLDN25,0.136,2.92,False
scfv_37_1,0.303,CLDN6,0.753,0.402,True
scfv_37_1,0.303,CLDN17,0.749,0.404,True
scfv_37_1,0.303,CLDN9,0.745,0.406,True
scfv_37_1,0.303,CLDN18.2,0.684,0.443,True
scfv_37_1,0.303,CLDN8,0.677,0.448,True
scfv_37_1,0.303,CLDN14,0.671,0.452,True
scfv_37_1,0.303,CLDN3,0.56,0.54,True
scfv_37_1,0.303,CLDN24,0.55,0.551,True
scfv_37_1,0.303,CLDN22,0.515,0.588,True
scfv_37_1,0.303,CLDN25,0.497,0.609,True
scfv_37_1,0.303,CLDN12,0.492,0.616,True
scfv_37_1,0.303,CLDN7,0.485,0.624,True
scfv_37_1,0.303,CLDN10,0.468,0.647,True
scfv_37_1,0.303,CLDN15,0.422,0.718,True
scfv_37_1,0.303,CLDN1,0.395,0.767,True
scfv_37_1,0.303,CLDN11,0.389,0.779,True
scfv_37_1,0.303,CLDN2,0.369,0.821,True
scfv_37_1,0.303,CLDN5,0.366,0.828,True
scfv_37_1,0.303,CLDN16,0.358,0.846,True
scfv_37_1,0.303,CLDN18,0.345,0.879,True
scfv_37_1,0.303,CLDN23,0.273,1.109,True
scfv_37_1,0.303,CLDN20,0.256,1.181,True
scfv_37_1,0.303,CLDN34,0.23,1.315,False
scfv_37_1,0.303,CLDN19,0.23,1.315,False
scfv_39_0,0.35,CLDN20,0.821,0.427,True
scfv_39_0,0.35,CLDN25,0.795,0.44,True
scfv_39_0,0.35,CLDN34,0.653,0.536,True
scfv_39_0,0.35,CLDN12,0.547,0.64,True
scfv_39_0,0.35,CLDN2,0.53,0.661,True
scfv_39_0,0.35,CLDN24,0.525,0.667,True
scfv_39_0,0.35,CLDN19,0.509,0.688,True
scfv_39_0,0.35,CLDN22,0.498,0.703,True
scfv_39_0,0.35,CLDN1,0.495,0.708,True
scfv_39_0,0.35,CLDN8,0.488,0.718,True
scfv_39_0,0.35,CLDN17,0.484,0.724,True
scfv_39_0,0.35,CLDN11,0.476,0.736,True
scfv_39_0,0.35,CLDN15,0.429,0.816,True
scfv_39_0,0.35,CLDN9,0.42,0.835,True
scfv_39_0,0.35,CLDN6,0.405,0.864,True
scfv_39_0,0.35,CLDN3,0.395,0.886,True
scfv_39_0,0.35,CLDN16,0.392,0.892,True
scfv_39_0,0.35,CLDN18,0.379,0.923,True
scfv_39_0,0.35,CLDN5,0.376,0.931,True
scfv_39_0,0.35,CLDN10,0.373,0.938,True
scfv_39_0,0.35,CLDN18.2,0.366,0.956,True
scfv_39_0,0.35,CLDN23,0.358,0.979,True
scfv_39_0,0.35,CLDN7,0.317,1.106,True
scfv_39_0,0.35,CLDN14,0.308,1.139,True
scfv_39_1,0.743,CLDN34,0.877,0.847,True
scfv_39_1,0.743,CLDN19,0.793,0.937,True
scfv_39_1,0.743,CLDN7,0.722,1.03,True
scfv_39_1,0.743,CLDN20,0.677,1.097,True
scfv_39_1,0.743,CLDN5,0.652,1.14,True
scfv_39_1,0.743,CLDN14,0.613,1.213,False
scfv_39_1,0.743,CLDN12,0.511,1.455,False
scfv_39_1,0.743,CLDN8,0.48,1.547,False
scfv_39_1,0.743,CLDN17,0.457,1.627,False
scfv_39_1,0.743,CLDN11,0.437,1.702,False
scfv_39_1,0.743,CLDN3,0.424,1.753,False
scfv_39_1,0.743,CLDN1,0.418,1.776,False
scfv_39_1,0.743,CLDN18,0.416,1.786,False
scfv_39_1,0.743,CLDN10,0.412,1.802,False
scfv_39_1,0.743,CLDN18.2,0.412,1.802,False
scfv_39_1,0.743,CLDN16,0.397,1.871,False
scfv_39_1,0.743,CLDN9,0.397,1.871,False
scfv_39_1,0.743,CLDN23,0.389,1.909,False
scfv_39_1,0.743,CLDN25,0.377,1.97,False
scfv_39_1,0.743,CLDN22,0.374,1.988,False
scfv_39_1,0.743,CLDN6,0.372,1.998,False
scfv_39_1,0.743,CLDN24,0.353,2.105,False
scfv_39_1,0.743,CLDN2,0.295,2.52,False
scfv_39_1,0.743,CLDN15,0.276,2.697,False
scfv_39_2,0.571,CLDN19,0.798,0.715,True
scfv_39_2,0.571,CLDN5,0.785,0.727,True
scfv_39_2,0.571,CLDN2,0.752,0.759,True
scfv_39_2,0.571,CLDN25,0.714,0.8,True
scfv_39_2,0.571,CLDN7,0.675,0.845,True
scfv_39_2,0.571,CLDN20,0.563,1.014,True
scfv_39_2,0.571,CLDN1,0.561,1.018,True
scfv_39_2,0.571,CLDN34,0.528,1.082,True
scfv_39_2,0.571,CLDN24,0.518,1.102,True
scfv_39_2,0.571,CLDN16,0.481,1.186,True
scfv_39_2,0.571,CLDN8,0.481,1.187,True
scfv_39_2,0.571,CLDN3,0.476,1.199,True
scfv_39_2,0.571,CLDN18,0.446,1.278,False
scfv_39_2,0.571,CLDN9,0.446,1.279,False
scfv_39_2,0.571,CLDN17,0.424,1.346,False
scfv_39_2,0.571,CLDN22,0.423,1.348,False
scfv_39_2,0.571,CLDN11,0.421,1.357,False
scfv_39_2,0.571,CLDN12,0.418,1.365,False
scfv_39_2,0.571,CLDN18.2,0.408,1.398,False
scfv_39_2,0.571,CLDN14,0.383,1.489,False
scfv_39_2,0.571,CLDN23,0.378,1.509,False
scfv_39_2,0.571,CLDN6,0.346,1.649,False
scfv_39_2,0.571,CLDN15,0.285,2.0,False
scfv_39_2,0.571,CLDN10,0.215,2.652,False
scfv_39_3,0.535,CLDN2,0.808,0.661,True
scfv_39_3,0.535,CLDN34,0.72,0.743,True
scfv_39_3,0.535,CLDN5,0.635,0.842,True
scfv_39_3,0.535,CLDN8,0.591,0.904,True
scfv_39_3,0.535,CLDN19,0.557,0.96,True
scfv_39_3,0.535,CLDN23,0.449,1.191,True
scfv_39_3,0.535,CLDN25,0.444,1.204,False
scfv_39_3,0.535,CLDN15,0.433,1.234,False
scfv_39_3,0.535,CLDN22,0.419,1.276,False
scfv_39_3,0.535,CLDN17,0.397,1.346,False
scfv_39_3,0.535,CLDN3,0.383,1.395,False
scfv_39_3,0.535,CLDN24,0.369,1.449,False
scfv_39_3,0.535,CLDN10,0.366,1.462,False
scfv_39_3,0.535,CLDN6,0.364,1.467,False
scfv_39_3,0.535,CLDN18,0.354,1.511,False
scfv_39_3,0.535,CLDN11,0.351,1.524,False
scfv_39_3,0.535,CLDN14,0.342,1.561,False
scfv_39_3,0.535,CLDN18.2,0.335,1.594,False
scfv_39_3,0.535,CLDN20,0.334,1.6,False
scfv_39_3,0.535,CLDN12,0.332,1.611,False
scfv_39_3,0.535,CLDN16,0.318,1.682,False
scfv_39_3,0.535,CLDN9,0.313,1.708,False
scfv_39_3,0.535,CLDN7,0.268,1.995,False
scfv_39_3,0.535,CLDN1,0.234,2.288,False
scfv_39_5,0.543,CLDN8,0.697,0.78,True
scfv_39_5,0.543,CLDN34,0.675,0.805,True
scfv_39_5,0.543,CLDN24,0.632,0.86,True
scfv_39_5,0.543,CLDN25,0.611,0.889,True
scfv_39_5,0.543,CLDN12,0.609,0.892,True
scfv_39_5,0.543,CLDN5,0.598,0.909,True
scfv_39_5,0.543,CLDN2,0.561,0.969,True
scfv_39_5,0.543,CLDN19,0.538,1.01,True
scfv_39_5,0.543,CLDN14,0.535,1.016,True
scfv_39_5,0.543,CLDN1,0.506,1.074,True
scfv_39_5,0.543,CLDN7,0.5,1.087,True
scfv_39_5,0.543,CLDN9,0.494,1.1,True
scfv_39_5,0.543,CLDN17,0.486,1.117,True
scfv_39_5,0.543,CLDN16,0.474,1.147,True
scfv_39_5,0.543,CLDN10,0.443,1.226,False
scfv_39_5,0.543,CLDN11,0.433,1.254,False
scfv_39_5,0.543,CLDN15,0.413,1.315,False
scfv_39_5,0.543,CLDN22,0.389,1.395,False
scfv_39_5,0.543,CLDN6,0.378,1.435,False
scfv_39_5,0.543,CLDN23,0.368,1.478,False
scfv_39_5,0.543,CLDN3,0.335,1.62,False
scfv_39_5,0.543,CLDN18.2,0.327,1.664,False
scfv_39_5,0.543,CLDN18,0.282,1.923,False
scfv_39_5,0.543,CLDN20,0.223,2.436,False
scfv_48_1,0.877,CLDN15,0.866,1.012,True
scfv_48_1,0.877,CLDN16,0.741,1.184,True
scfv_48_1,0.877,CLDN20,0.596,1.471,False
scfv_48_1,0.877,CLDN10,0.545,1.607,False
scfv_48_1,0.877,CLDN12,0.531,1.652,False
scfv_48_1,0.877,CLDN5,0.522,1.68,False
scfv_48_1,0.877,CLDN17,0.515,1.703,False
scfv_48_1,0.877,CLDN11,0.471,1.862,False
scfv_48_1,0.877,CLDN24,0.439,1.998,False
scfv_48_1,0.877,CLDN2,0.4,2.19,False
scfv_48_1,0.877,CLDN22,0.4,2.191,False
scfv_48_1,0.877,CLDN19,0.375,2.338,False
scfv_48_1,0.877,CLDN1,0.37,2.369,False
scfv_48_1,0.877,CLDN25,0.358,2.445,False
scfv_48_1,0.877,CLDN3,0.339,2.583,False
scfv_48_1,0.877,CLDN14,0.335,2.618,False
scfv_48_1,0.877,CLDN8,0.326,2.69,False
scfv_48_1,0.877,CLDN18,0.304,2.879,False
scfv_48_1,0.877,CLDN6,0.238,3.682,False
scfv_48_1,0.877,CLDN23,0.229,3.833,False
scfv_48_1,0.877,CLDN7,0.225,3.904,False
scfv_48_1,0.877,CLDN9,0.208,4.213,False
scfv_48_1,0.877,CLDN18.2,0.205,4.274,False
scfv_48_1,0.877,CLDN34,0.123,7.106,False
scfv_48_2,0.366,CLDN16,0.868,0.422,True
scfv_48_2,0.366,CLDN15,0.692,0.53,True
scfv_48_2,0.366,CLDN20,0.582,0.63,True
scfv_48_2,0.366,CLDN1,0.487,0.752,True
scfv_48_2,0.366,CLDN5,0.443,0.827,True
scfv_48_2,0.366,CLDN17,0.433,0.846,True
scfv_48_2,0.366,CLDN7,0.43,0.851,True
scfv_48_2,0.366,CLDN9,0.408,0.898,True
scfv_48_2,0.366,CLDN6,0.4,0.916,True
scfv_48_2,0.366,CLDN19,0.395,0.927,True
scfv_48_2,0.366,CLDN2,0.373,0.983,True
scfv_48_2,0.366,CLDN14,0.373,0.983,True
scfv_48_2,0.366,CLDN18,0.363,1.011,True
scfv_48_2,0.366,CLDN22,0.361,1.014,True
scfv_48_2,0.366,CLDN24,0.359,1.02,True
scfv_48_2,0.366,CLDN12,0.358,1.023,True
scfv_48_2,0.366,CLDN10,0.346,1.059,True
scfv_48_2,0.366,CLDN11,0.343,1.069,True
scfv_48_2,0.366,CLDN8,0.332,1.103,True
scfv_48_2,0.366,CLDN25,0.329,1.114,True
scfv_48_2,0.366,CLDN18.2,0.32,1.144,True
scfv_48_2,0.366,CLDN23,0.26,1.41,False
scfv_48_2,0.366,CLDN3,0.234,1.563,False
scfv_48_2,0.366,CLDN34,0.208,1.759,False
scfv_50_2,0.512,CLDN11,0.762,0.672,True
scfv_50_2,0.512,CLDN7,0.702,0.729,True
scfv_50_2,0.512,CLDN14,0.67,0.764,True
scfv_50_2,0.512,CLDN22,0.61,0.839,True
scfv_50_2,0.512,CLDN1,0.53,0.967,True
scfv_50_2,0.512,CLDN9,0.481,1.065,True
scfv_50_2,0.512,CLDN15,0.449,1.14,True
scfv_50_2,0.512,CLDN18,0.435,1.176,True
scfv_50_2,0.512,CLDN24,0.426,1.202,False
scfv_50_2,0.512,CLDN10,0.408,1.254,False
scfv_50_2,0.512,CLDN12,0.367,1.394,False
scfv_50_2,0.512,CLDN8,0.366,1.398,False
scfv_50_2,0.512,CLDN16,0.336,1.523,False
scfv_50_2,0.512,CLDN25,0.329,1.557,False
scfv_50_2,0.512,CLDN34,0.318,1.609,False
scfv_50_2,0.512,CLDN6,0.312,1.639,False
scfv_50_2,0.512,CLDN3,0.291,1.758,False
scfv_50_2,0.512,CLDN20,0.284,1.8,False
scfv_50_2,0.512,CLDN19,0.284,1.8,False
scfv_50_2,0.512,CLDN23,0.264,1.936,False
scfv_50_2,0.512,CLDN18.2,0.263,1.948,False
scfv_50_2,0.512,CLDN5,0.246,2.078,False
scfv_50_2,0.512,CLDN17,0.213,2.402,False
scfv_50_2,0.512,CLDN2,0.205,2.494,False
scfv_55_6,0.87,CLDN17,0.857,1.016,True
scfv_55_6,0.87,CLDN3,0.846,1.029,True
scfv_55_6,0.87,CLDN22,0.836,1.041,True
scfv_55_6,0.87,CLDN8,0.832,1.046,True
scfv_55_6,0.87,CLDN25,0.829,1.049,True
scfv_55_6,0.87,CLDN7,0.812,1.072,True
scfv_55_6,0.87,CLDN24,0.805,1.081,True
scfv_55_6,0.87,CLDN34,0.784,1.11,True
scfv_55_6,0.87,CLDN1,0.59,1.476,False
scfv_55_6,0.87,CLDN11,0.581,1.499,False
scfv_55_6,0.87,CLDN9,0.572,1.521,False
scfv_55_6,0.87,CLDN6,0.497,1.752,False
scfv_55_6,0.87,CLDN20,0.484,1.796,False
scfv_55_6,0.87,CLDN15,0.46,1.892,False
scfv_55_6,0.87,CLDN5,0.46,1.893,False
scfv_55_6,0.87,CLDN18,0.454,1.918,False
scfv_55_6,0.87,CLDN19,0.447,1.945,False
scfv_55_6,0.87,CLDN23,0.442,1.968,False
scfv_55_6,0.87,CLDN10,0.439,1.984,False
scfv_55_6,0.87,CLDN14,0.359,2.427,False
scfv_55_6,0.87,CLDN16,0.347,2.505,False
scfv_55_6,0.87,CLDN12,0.345,2.521,False
scfv_55_6,0.87,CLDN2,0.338,2.578,False
scfv_55_6,0.87,CLDN18.2,0.303,2.876,False
scfv_55_9,0.597,CLDN8,0.878,0.68,True
scfv_55_9,0.597,CLDN12,0.814,0.733,True
scfv_55_9,0.597,CLDN19,0.766,0.778,True
scfv_55_9,0.597,CLDN10,0.73,0.818,True
scfv_55_9,0.597,CLDN25,0.686,0.869,True
scfv_55_9,0.597,CLDN1,0.653,0.913,True
scfv_55_9,0.597,CLDN5,0.603,0.99,True
scfv_55_9,0.597,CLDN17,0.594,1.005,True
scfv_55_9,0.597,CLDN3,0.567,1.052,True
scfv_55_9,0.597,CLDN14,0.554,1.078,True
scfv_55_9,0.597,CLDN15,0.542,1.101,True
scfv_55_9,0.597,CLDN2,0.504,1.183,True
scfv_55_9,0.597,CLDN6,0.472,1.263,False
scfv_55_9,0.597,CLDN9,0.459,1.3,False
scfv_55_9,0.597,CLDN16,0.456,1.307,False
scfv_55_9,0.597,CLDN34,0.446,1.336,False
scfv_55_9,0.597,CLDN24,0.439,1.36,False
scfv_55_9,0.597,CLDN22,0.429,1.39,False
scfv_55_9,0.597,CLDN7,0.429,1.392,False
scfv_55_9,0.597,CLDN20,0.424,1.407,False
scfv_55_9,0.597,CLDN11,0.412,1.446,False
scfv_55_9,0.597,CLDN18,0.406,1.471,False
scfv_55_9,0.597,CLDN18.2,0.33,1.808,False
scfv_55_9,0.597,CLDN23,0.212,2.809,False
scfv_66_2,0.237,CLDN1,0.819,0.29,True
scfv_66_2,0.237,CLDN16,0.799,0.297,True
scfv_66_2,0.237,CLDN2,0.619,0.383,True
scfv_66_2,0.237,CLDN11,0.522,0.454,True
scfv_66_2,0.237,CLDN15,0.455,0.522,True
scfv_66_2,0.237,CLDN7,0.45,0.527,True
scfv_66_2,0.237,CLDN34,0.415,0.571,True
scfv_66_2,0.237,CLDN18.2,0.395,0.601,True
scfv_66_2,0.237,CLDN10,0.391,0.607,True
scfv_66_2,0.237,CLDN8,0.384,0.619,True
scfv_66_2,0.237,CLDN12,0.371,0.64,True
scfv_66_2,0.237,CLDN25,0.349,0.68,True
scfv_66_2,0.237,CLDN24,0.345,0.689,True
scfv_66_2,0.237,CLDN22,0.341,0.695,True
scfv_66_2,0.237,CLDN9,0.336,0.706,True
scfv_66_2,0.237,CLDN20,0.332,0.716,True
scfv_66_2,0.237,CLDN14,0.327,0.726,True
scfv_66_2,0.237,CLDN17,0.323,0.735,True
scfv_66_2,0.237,CLDN18,0.303,0.784,True
scfv_66_2,0.237,CLDN6,0.299,0.792,True
scfv_66_2,0.237,CLDN5,0.294,0.807,True
scfv_66_2,0.237,CLDN3,0.267,0.889,True
scfv_66_2,0.237,CLDN23,0.241,0.982,True
scfv_66_2,0.237,CLDN19,0.241,0.985,True
scfv_66_6,0.191,CLDN7,0.499,0.384,True
scfv_66_6,0.191,CLDN11,0.45,0.426,True
scfv_66_6,0.191,CLDN34,0.423,0.453,True
scfv_66_6,0.191,CLDN18,0.415,0.461,True
scfv_66_6,0.191,CLDN15,0.393,0.487,True
scfv_66_6,0.191,CLDN16,0.375,0.511,True
scfv_66_6,0.191,CLDN22,0.364,0.525,True
scfv_66_6,0.191,CLDN24,0.361,0.531,True
scfv_66_6,0.191,CLDN1,0.35,0.547,True
scfv_66_6,0.191,CLDN10,0.345,0.554,True
scfv_66_6,0.191,CLDN25,0.344,0.556,True
scfv_66_6,0.191,CLDN2,0.338,0.567,True
scfv_66_6,0.191,CLDN14,0.335,0.571,True
scfv_66_6,0.191,CLDN19,0.325,0.589,True
scfv_66_6,0.191,CLDN23,0.318,0.602,True
scfv_66_6,0.191,CLDN12,0.304,0.631,True
scfv_66_6,0.191,CLDN17,0.303,0.632,True
scfv_66_6,0.191,CLDN8,0.244,0.785,True
scfv_66_6,0.191,CLDN18.2,0.244,0.786,True
scfv_66_6,0.191,CLDN3,0.243,0.787,True
scfv_66_6,0.191,CLDN5,0.24,0.798,True
scfv_66_6,0.191,CLDN6,0.229,0.836,True
scfv_66_6,0.191,CLDN9,0.2,0.958,True
scfv_66_6,0.191,CLDN20,0.162,1.18,True
scfv_66_8,0.259,CLDN2,0.726,0.357,True
scfv_66_8,0.259,CLDN16,0.637,0.407,True
scfv_66_8,0.259,CLDN15,0.622,0.417,True
scfv_66_8,0.259,CLDN11,0.616,0.421,True
scfv_66_8,0.259,CLDN9,0.566,0.459,True
scfv_66_8,0.259,CLDN7,0.478,0.543,True
scfv_66_8,0.259,CLDN5,0.4,0.649,True
scfv_66_8,0.259,CLDN18,0.396,0.656,True
scfv_66_8,0.259,CLDN22,0.381,0.681,True
scfv_66_8,0.259,CLDN14,0.365,0.711,True
scfv_66_8,0.259,CLDN20,0.364,0.713,True
scfv_66_8,0.259,CLDN34,0.35,0.742,True
scfv_66_8,0.259,CLDN8,0.349,0.744,True
scfv_66_8,0.259,CLDN1,0.344,0.753,True
scfv_66_8,0.259,CLDN18.2,0.343,0.756,True
scfv_66_8,0.259,CLDN10,0.339,0.766,True
scfv_66_8,0.259,CLDN17,0.338,0.767,True
scfv_66_8,0.259,CLDN6,0.332,0.781,True
scfv_66_8,0.259,CLDN19,0.332,0.782,True
scfv_66_8,0.259,CLDN23,0.293,0.886,True
scfv_66_8,0.259,CLDN24,0.265,0.979,True
scfv_66_8,0.259,CLDN3,0.262,0.991,True
scfv_66_8,0.259,CLDN12,0.257,1.008,True
scfv_66_8,0.259,CLDN25,0.201,1.294,False
scfv_73_0,0.846,CLDN18.2,0.798,1.061,True
scfv_73_0,0.846,CLDN16,0.672,1.259,False
scfv_73_0,0.846,CLDN19,0.479,1.768,False
scfv_73_0,0.846,CLDN11,0.475,1.782,False
scfv_73_0,0.846,CLDN18,0.432,1.961,False
scfv_73_0,0.846,CLDN22,0.426,1.988,False
scfv_73_0,0.846,CLDN25,0.424,1.997,False
scfv_73_0,0.846,CLDN8,0.401,2.112,False
scfv_73_0,0.846,CLDN1,0.386,2.192,False
scfv_73_0,0.846,CLDN3,0.383,2.211,False
scfv_73_0,0.846,CLDN24,0.38,2.229,False
scfv_73_0,0.846,CLDN2,0.371,2.279,False
scfv_73_0,0.846,CLDN7,0.366,2.315,False
scfv_73_0,0.846,CLDN14,0.347,2.441,False
scfv_73_0,0.846,CLDN10,0.324,2.616,False
scfv_73_0,0.846,CLDN23,0.284,2.976,False
scfv_73_0,0.846,CLDN5,0.28,3.028,False
scfv_73_0,0.846,CLDN17,0.275,3.083,False
scfv_73_0,0.846,CLDN12,0.27,3.133,False
scfv_73_0,0.846,CLDN15,0.261,3.244,False
scfv_73_0,0.846,CLDN20,0.258,3.282,False
scfv_73_0,0.846,CLDN6,0.254,3.331,False
scfv_73_0,0.846,CLDN9,0.239,3.548,False
scfv_73_0,0.846,CLDN34,0.199,4.249,False
scfv_73_2,0.356,CLDN12,0.464,0.768,True
scfv_73_2,0.356,CLDN18.2,0.442,0.805,True
scfv_73_2,0.356,CLDN17,0.431,0.826,True
scfv_73_2,0.356,CLDN8,0.425,0.837,True
scfv_73_2,0.356,CLDN16,0.419,0.849,True
scfv_73_2,0.356,CLDN19,0.378,0.941,True
scfv_73_2,0.356,CLDN11,0.375,0.949,True
scfv_73_2,0.356,CLDN14,0.372,0.957,True
scfv_73_2,0.356,CLDN6,0.359,0.991,True
scfv_73_2,0.356,CLDN25,0.357,0.996,True
scfv_73_2,0.356,CLDN9,0.352,1.012,True
scfv_73_2,0.356,CLDN18,0.348,1.022,True
scfv_73_2,0.356,CLDN2,0.347,1.026,True
scfv_73_2,0.356,CLDN22,0.302,1.177,True
scfv_73_2,0.356,CLDN7,0.301,1.183,True
scfv_73_2,0.356,CLDN24,0.288,1.236,False
scfv_73_2,0.356,CLDN34,0.284,1.251,False
scfv_73_2,0.356,CLDN1,0.283,1.255,False
scfv_73_2,0.356,CLDN5,0.271,1.315,False
scfv_73_2,0.356,CLDN3,0.264,1.346,False
scfv_73_2,0.356,CLDN10,0.262,1.358,False
scfv_73_2,0.356,CLDN15,0.261,1.362,False
scfv_73_2,0.356,CLDN20,0.214,1.663,False
scfv_73_2,0.356,CLDN23,0.151,2.358,False
scfv_73_5,0.394,CLDN7,0.742,0.531,True
scfv_73_5,0.394,CLDN19,0.712,0.554,True
scfv_73_5,0.394,CLDN8,0.584,0.676,True
scfv_73_5,0.394,CLDN34,0.554,0.712,True
scfv_73_5,0.394,CLDN5,0.535,0.737,True
scfv_73_5,0.394,CLDN16,0.504,0.783,True
scfv_73_5,0.394,CLDN1,0.502,0.786,True
scfv_73_5,0.394,CLDN3,0.484,0.814,True
scfv_73_5,0.394,CLDN14,0.467,0.844,True
scfv_73_5,0.394,CLDN6,0.411,0.96,True
scfv_73_5,0.394,CLDN20,0.372,1.059,True
scfv_73_5,0.394,CLDN18.2,0.372,1.06,True
scfv_73_5,0.394,CLDN2,0.34,1.159,True
scfv_73_5,0.394,CLDN12,0.327,1.206,False
scfv_73_5,0.394,CLDN25,0.324,1.216,False
scfv_73_5,0.394,CLDN9,0.319,1.236,False
scfv_73_5,0.394,CLDN10,0.289,1.365,False
scfv_73_5,0.394,CLDN23,0.28,1.408,False
scfv_73_5,0.394,CLDN22,0.27,1.461,False
scfv_73_5,0.394,CLDN24,0.248,1.589,False
scfv_73_5,0.394,CLDN15,0.235,1.676,False
scfv_73_5,0.394,CLDN17,0.218,1.813,False
scfv_73_5,0.394,CLDN11,0.188,2.093,False
scfv_73_5,0.394,CLDN18,0.178,2.212,False
scfv_73_9,0.203,CLDN10,0.573,0.354,True
scfv_73_9,0.203,CLDN8,0.531,0.382,True
scfv_73_9,0.203,CLDN11,0.525,0.386,True
scfv_73_9,0.203,CLDN25,0.49,0.414,True
scfv_73_9,0.203,CLDN16,0.46,0.441,True
scfv_73_9,0.203,CLDN24,0.432,0.469,True
scfv_73_9,0.203,CLDN22,0.431,0.47,True
scfv_73_9,0.203,CLDN7,0.405,0.501,True
scfv_73_9,0.203,CLDN23,0.402,0.505,True
scfv_73_9,0.203,CLDN2,0.395,0.514,True
scfv_73_9,0.203,CLDN18.2,0.358,0.566,True
scfv_73_9,0.203,CLDN14,0.355,0.571,True
scfv_73_9,0.203,CLDN19,0.345,0.587,True
scfv_73_9,0.203,CLDN6,0.334,0.606,True
scfv_73_9,0.203,CLDN18,0.312,0.649,True
scfv_73_9,0.203,CLDN17,0.309,0.657,True
scfv_73_9,0.203,CLDN20,0.308,0.657,True
scfv_73_9,0.203,CLDN9,0.297,0.683,True
scfv_73_9,0.203,CLDN15,0.287,0.707,True
scfv_73_9,0.203,CLDN12,0.284,0.713,True
scfv_73_9,0.203,CLDN34,0.284,0.713,True
scfv_73_9,0.203,CLDN1,0.257,0.788,True
scfv_73_9,0.203,CLDN3,0.252,0.806,True
scfv_73_9,0.203,CLDN5,0.208,0.972,True
scfv_77_1,0.564,CLDN34,0.788,0.716,True
scfv_77_1,0.564,CLDN3,0.718,0.785,True
scfv_77_1,0.564,CLDN10,0.693,0.814,True
scfv_77_1,0.564,CLDN23,0.45,1.252,False
scfv_77_1,0.564,CLDN8,0.447,1.261,False
scfv_77_1,0.564,CLDN17,0.411,1.373,False
scfv_77_1,0.564,CLDN14,0.403,1.399,False
scfv_77_1,0.564,CLDN6,0.398,1.419,False
scfv_77_1,0.564,CLDN2,0.393,1.434,False
scfv_77_1,0.564,CLDN11,0.392,1.438,False
scfv_77_1,0.564,CLDN5,0.385,1.467,False
scfv_77_1,0.564,CLDN16,0.374,1.507,False
scfv_77_1,0.564,CLDN18.2,0.369,1.528,False
scfv_77_1,0.564,CLDN18,0.357,1.579,False
scfv_77_1,0.564,CLDN19,0.338,1.67,False
scfv_77_1,0.564,CLDN7,0.305,1.847,False
scfv_77_1,0.564,CLDN1,0.299,1.883,False
scfv_77_1,0.564,CLDN12,0.276,2.045,False
scfv_77_1,0.564,CLDN20,0.269,2.097,False
scfv_77_1,0.564,CLDN15,0.239,2.363,False
scfv_77_1,0.564,CLDN22,0.212,2.663,False
scfv_77_1,0.564,CLDN9,0.205,2.746,False
scfv_77_1,0.564,CLDN24,0.179,3.155,False
scfv_77_1,0.564,CLDN25,0.176,3.205,False
scfv_77_6,0.55,CLDN10,0.681,0.807,True
scfv_77_6,0.55,CLDN1,0.575,0.957,True
scfv_77_6,0.55,CLDN15,0.397,1.385,False
scfv_77_6,0.55,CLDN23,0.395,1.391,False
scfv_77_6,0.55,CLDN17,0.387,1.422,False
scfv_77_6,0.55,CLDN11,0.379,1.451,False
scfv_77_6,0.55,CLDN34,0.371,1.48,False
scfv_77_6,0.55,CLDN19,0.347,1.582,False
scfv_77_6,0.55,CLDN18.2,0.344,1.596,False
scfv_77_6,0.55,CLDN2,0.339,1.622,False
scfv_77_6,0.55,CLDN3,0.337,1.634,False
scfv_77_6,0.55,CLDN16,0.334,1.648,False
scfv_77_6,0.55,CLDN7,0.332,1.654,False
scfv_77_6,0.55,CLDN12,0.313,1.759,False
scfv_77_6,0.55,CLDN20,0.308,1.786,False
scfv_77_6,0.55,CLDN9,0.292,1.88,False
scfv_77_6,0.55,CLDN5,0.278,1.978,False
scfv_77_6,0.55,CLDN22,0.273,2.014,False
scfv_77_6,0.55,CLDN14,0.272,2.024,False
scfv_77_6,0.55,CLDN6,0.256,2.149,False
scfv_77_6,0.55,CLDN25,0.239,2.302,False
scfv_77_6,0.55,CLDN24,0.226,2.428,False
scfv_77_6,0.55,CLDN18,0.217,2.529,False
scfv_77_6,0.55,CLDN8,0.207,2.651,False
scfv_7_9,0.334,CLDN1,0.816,0.409,True
scfv_7_9,0.334,CLDN25,0.408,0.82,True
scfv_7_9,0.334,CLDN11,0.387,0.864,True
scfv_7_9,0.334,CLDN8,0.374,0.893,True
scfv_7_9,0.334,CLDN12,0.364,0.919,True
scfv_7_9,0.334,CLDN24,0.355,0.942,True
scfv_7_9,0.334,CLDN14,0.345,0.968,True
scfv_7_9,0.334,CLDN2,0.332,1.008,True
scfv_7_9,0.334,CLDN10,0.33,1.013,True
scfv_7_9,0.334,CLDN15,0.329,1.016,True
scfv_7_9,0.334,CLDN22,0.327,1.023,True
scfv_7_9,0.334,CLDN7,0.325,1.029,True
scfv_7_9,0.334,CLDN18,0.32,1.044,True
scfv_7_9,0.334,CLDN9,0.32,1.044,True
scfv_7_9,0.334,CLDN16,0.314,1.064,True
scfv_7_9,0.334,CLDN17,0.31,1.078,True
scfv_7_9,0.334,CLDN20,0.289,1.155,True
scfv_7_9,0.334,CLDN5,0.28,1.196,True
scfv_7_9,0.334,CLDN19,0.272,1.228,False
scfv_7_9,0.334,CLDN6,0.268,1.247,False
scfv_7_9,0.334,CLDN18.2,0.247,1.351,False
scfv_7_9,0.334,CLDN34,0.221,1.511,False
scfv_7_9,0.334,CLDN3,0.195,1.711,False
scfv_7_9,0.334,CLDN23,0.193,1.733,False
scfv_83_1,0.401,CLDN16,0.864,0.464,True
scfv_83_1,0.401,CLDN19,0.633,0.633,True
scfv_83_1,0.401,CLDN5,0.518,0.774,True
scfv_83_1,0.401,CLDN14,0.46,0.873,True
scfv_83_1,0.401,CLDN18.2,0.383,1.046,True
scfv_83_1,0.401,CLDN10,0.376,1.066,True
scfv_83_1,0.401,CLDN24,0.36,1.114,True
scfv_83_1,0.401,CLDN2,0.343,1.17,True
scfv_83_1,0.401,CLDN34,0.333,1.206,False
scfv_83_1,0.401,CLDN22,0.33,1.216,False
scfv_83_1,0.401,CLDN7,0.323,1.241,False
scfv_83_1,0.401,CLDN12,0.321,1.249,False
scfv_83_1,0.401,CLDN25,0.321,1.25,False
scfv_83_1,0.401,CLDN17,0.313,1.283,False
scfv_83_1,0.401,CLDN8,0.305,1.316,False
scfv_83_1,0.401,CLDN18,0.295,1.359,False
scfv_83_1,0.401,CLDN9,0.294,1.365,False
scfv_83_1,0.401,CLDN3,0.294,1.365,False
scfv_83_1,0.401,CLDN6,0.281,1.428,False
scfv_83_1,0.401,CLDN20,0.276,1.456,False
scfv_83_1,0.401,CLDN11,0.246,1.632,False
scfv_83_1,0.401,CLDN23,0.22,1.827,False
scfv_83_1,0.401,CLDN1,0.181,2.215,False
scfv_83_1,0.401,CLDN15,0.155,2.582,False
scfv_83_2,0.311,CLDN16,0.676,0.46,True
scfv_83_2,0.311,CLDN18.2,0.633,0.492,True
scfv_83_2,0.311,CLDN23,0.603,0.516,True
scfv_83_2,0.311,CLDN11,0.552,0.564,True
scfv_83_2,0.311,CLDN22,0.538,0.579,True
scfv_83_2,0.311,CLDN10,0.471,0.662,True
scfv_83_2,0.311,CLDN3,0.441,0.706,True
scfv_83_2,0.311,CLDN12,0.44,0.707,True
scfv_83_2,0.311,CLDN2,0.437,0.712,True
scfv_83_2,0.311,CLDN17,0.432,0.721,True
scfv_83_2,0.311,CLDN8,0.418,0.745,True
scfv_83_2,0.311,CLDN14,0.394,0.79,True
scfv_83_2,0.311,CLDN9,0.386,0.806,True
scfv_83_2,0.311,CLDN25,0.384,0.811,True
scfv_83_2,0.311,CLDN6,0.381,0.817,True
scfv_83_2,0.311,CLDN19,0.36,0.866,True
scfv_83_2,0.311,CLDN34,0.353,0.881,True
scfv_83_2,0.311,CLDN24,0.329,0.946,True
scfv_83_2,0.311,CLDN5,0.309,1.008,True
scfv_83_2,0.311,CLDN7,0.283,1.102,True
scfv_83_2,0.311,CLDN1,0.281,1.109,True
scfv_83_2,0.311,CLDN15,0.274,1.138,True
scfv_83_2,0.311,CLDN18,0.208,1.497,False
scfv_83_2,0.311,CLDN20,0.197,1.579,False
scfv_85_8,0.401,CLDN7,0.815,0.493,True
scfv_85_8,0.401,CLDN10,0.658,0.61,True
scfv_85_8,0.401,CLDN3,0.618,0.65,True
scfv_85_8,0.401,CLDN34,0.599,0.67,True
scfv_85_8,0.401,CLDN18,0.592,0.678,True
scfv_85_8,0.401,CLDN14,0.517,0.776,True
scfv_85_8,0.401,CLDN15,0.512,0.783,True
scfv_85_8,0.401,CLDN9,0.416,0.965,True
scfv_85_8,0.401,CLDN18.2,0.409,0.981,True
scfv_85_8,0.401,CLDN8,0.398,1.007,True
scfv_85_8,0.401,CLDN11,0.383,1.048,True
scfv_85_8,0.401,CLDN20,0.377,1.064,True
scfv_85_8,0.401,CLDN16,0.366,1.097,True
scfv_85_8,0.401,CLDN22,0.363,1.106,True
scfv_85_8,0.401,CLDN24,0.36,1.114,True
scfv_85_8,0.401,CLDN25,0.352,1.14,True
scfv_85_8,0.401,CLDN19,0.351,1.142,True
scfv_85_8,0.401,CLDN1,0.348,1.153,True
scfv_85_8,0.401,CLDN2,0.346,1.159,True
scfv_85_8,0.401,CLDN5,0.322,1.246,False
scfv_85_8,0.401,CLDN12,0.318,1.26,False
scfv_85_8,0.401,CLDN6,0.303,1.324,False
scfv_85_8,0.401,CLDN17,0.189,2.127,False
scfv_85_8,0.401,CLDN23,0.099,4.063,False
scfv_86_0,0.309,CLDN5,0.613,0.503,True
scfv_86_0,0.309,CLDN7,0.546,0.565,True
scfv_86_0,0.309,CLDN3,0.527,0.586,True
scfv_86_0,0.309,CLDN1,0.524,0.589,True
scfv_86_0,0.309,CLDN17,0.487,0.634,True
scfv_86_0,0.309,CLDN9,0.48,0.643,True
scfv_86_0,0.309,CLDN14,0.448,0.689,True
scfv_86_0,0.309,CLDN19,0.415,0.743,True
scfv_86_0,0.309,CLDN11,0.408,0.756,True
scfv_86_0,0.309,CLDN34,0.392,0.788,True
scfv_86_0,0.309,CLDN20,0.389,0.793,True
scfv_86_0,0.309,CLDN6,0.365,0.845,True
scfv_86_0,0.309,CLDN25,0.355,0.868,True
scfv_86_0,0.309,CLDN24,0.355,0.87,True
scfv_86_0,0.309,CLDN10,0.355,0.87,True
scfv_86_0,0.309,CLDN22,0.345,0.895,True
scfv_86_0,0.309,CLDN16,0.318,0.972,True
scfv_86_0,0.309,CLDN8,0.314,0.981,True
scfv_86_0,0.309,CLDN2,0.276,1.118,True
scfv_86_0,0.309,CLDN15,0.256,1.205,False
scfv_86_0,0.309,CLDN23,0.249,1.24,False
scfv_86_0,0.309,CLDN18,0.229,1.35,False
scfv_86_0,0.309,CLDN18.2,0.217,1.423,False
scfv_86_0,0.309,CLDN12,0.193,1.601,False
scfv_86_1,0.308,CLDN5,0.487,0.633,True
scfv_86_1,0.308,CLDN15,0.395,0.78,True
scfv_86_1,0.308,CLDN12,0.381,0.808,True
scfv_86_1,0.308,CLDN8,0.377,0.818,True
scfv_86_1,0.308,CLDN25,0.366,0.842,True
scfv_86_1,0.308,CLDN22,0.358,0.861,True
scfv_86_1,0.308,CLDN16,0.358,0.861,True
scfv_86_1,0.308,CLDN10,0.357,0.862,True
scfv_86_1,0.308,CLDN24,0.352,0.875,True
scfv_86_1,0.308,CLDN7,0.347,0.888,True
scfv_86_1,0.308,CLDN34,0.341,0.904,True
scfv_86_1,0.308,CLDN20,0.33,0.934,True
scfv_86_1,0.308,CLDN11,0.315,0.979,True
scfv_86_1,0.308,CLDN14,0.313,0.985,True
scfv_86_1,0.308,CLDN9,0.298,1.035,True
scfv_86_1,0.308,CLDN17,0.298,1.036,True
scfv_86_1,0.308,CLDN6,0.296,1.041,True
scfv_86_1,0.308,CLDN1,0.282,1.093,True
scfv_86_1,0.308,CLDN3,0.278,1.11,True
scfv_86_1,0.308,CLDN2,0.277,1.111,True
scfv_86_1,0.308,CLDN23,0.251,1.229,False
scfv_86_1,0.308,CLDN19,0.237,1.301,False
scfv_86_1,0.308,CLDN18.2,0.189,1.631,False
scfv_86_1,0.308,CLDN18,0.166,1.862,False
scfv_86_2,0.301,CLDN22,0.705,0.427,True
scfv_86_2,0.301,CLDN18,0.613,0.492,True
scfv_86_2,0.301,CLDN15,0.584,0.515,True
scfv_86_2,0.301,CLDN34,0.502,0.6,True
scfv_86_2,0.301,CLDN12,0.439,0.686,True
scfv_86_2,0.301,CLDN2,0.438,0.688,True
scfv_86_2,0.301,CLDN16,0.419,0.72,True
scfv_86_2,0.301,CLDN18.2,0.384,0.785,True
scfv_86_2,0.301,CLDN25,0.359,0.84,True
scfv_86_2,0.301,CLDN11,0.357,0.843,True
scfv_86_2,0.301,CLDN24,0.355,0.85,True
scfv_86_2,0.301,CLDN1,0.35,0.861,True
scfv_86_2,0.301,CLDN19,0.338,0.892,True
scfv_86_2,0.301,CLDN14,0.336,0.897,True
scfv_86_2,0.301,CLDN9,0.285,1.059,True
scfv_86_2,0.301,CLDN10,0.27,1.114,True
scfv_86_2,0.301,CLDN7,0.247,1.22,False
scfv_86_2,0.301,CLDN23,0.239,1.259,False
scfv_86_2,0.301,CLDN6,0.223,1.353,False
scfv_86_2,0.301,CLDN20,0.215,1.401,False
scfv_86_2,0.301,CLDN8,0.207,1.454,False
scfv_86_2,0.301,CLDN17,0.177,1.704,False
scfv_86_2,0.301,CLDN5,0.171,1.763,False
scfv_86_2,0.301,CLDN3,0.139,2.162,False
scfv_86_5,0.32,CLDN16,0.769,0.416,True
scfv_86_5,0.32,CLDN18.2,0.722,0.443,True
scfv_86_5,0.32,CLDN25,0.668,0.479,True
scfv_86_5,0.32,CLDN24,0.6,0.533,True
scfv_86_5,0.32,CLDN1,0.522,0.613,True
scfv_86_5,0.32,CLDN10,0.503,0.636,True
scfv_86_5,0.32,CLDN8,0.485,0.66,True
scfv_86_5,0.32,CLDN18,0.482,0.663,True
scfv_86_5,0.32,CLDN22,0.413,0.775,True
scfv_86_5,0.32,CLDN19,0.408,0.785,True
scfv_86_5,0.32,CLDN6,0.377,0.847,True
scfv_86_5,0.32,CLDN2,0.361,0.885,True
scfv_86_5,0.32,CLDN9,0.36,0.888,True
scfv_86_5,0.32,CLDN12,0.353,0.906,True
scfv_86_5,0.32,CLDN7,0.335,0.955,True
scfv_86_5,0.32,CLDN15,0.331,0.965,True
scfv_86_5,0.32,CLDN3,0.304,1.053,True
scfv_86_5,0.32,CLDN11,0.295,1.084,True
scfv_86_5,0.32,CLDN23,0.292,1.096,True
scfv_86_5,0.32,CLDN14,0.284,1.127,True
scfv_86_5,0.32,CLDN17,0.278,1.15,True
scfv_86_5,0.32,CLDN5,0.274,1.165,True
scfv_86_5,0.32,CLDN34,0.267,1.198,True
scfv_86_5,0.32,CLDN20,0.213,1.499,False
scfv_86_8,0.233,CLDN15,0.874,0.267,True
scfv_86_8,0.233,CLDN25,0.684,0.34,True
scfv_86_8,0.233,CLDN2,0.525,0.444,True
scfv_86_8,0.233,CLDN5,0.419,0.556,True
scfv_86_8,0.233,CLDN18.2,0.391,0.596,True
scfv_86_8,0.233,CLDN24,0.388,0.601,True
scfv_86_8,0.233,CLDN22,0.37,0.631,True
scfv_86_8,0.233,CLDN8,0.362,0.644,True
scfv_86_8,0.233,CLDN16,0.359,0.649,True
scfv_86_8,0.233,CLDN12,0.356,0.654,True
scfv_86_8,0.233,CLDN17,0.342,0.682,True
scfv_86_8,0.233,CLDN18,0.342,0.682,True
scfv_86_8,0.233,CLDN1,0.328,0.71,True
scfv_86_8,0.233,CLDN10,0.321,0.726,True
scfv_86_8,0.233,CLDN20,0.317,0.736,True
scfv_86_8,0.233,CLDN14,0.315,0.741,True
scfv_86_8,0.233,CLDN23,0.312,0.747,True
scfv_86_8,0.233,CLDN11,0.292,0.798,True
scfv_86_8,0.233,CLDN6,0.287,0.813,True
scfv_86_8,0.233,CLDN19,0.226,1.032,True
scfv_86_8,0.233,CLDN9,0.218,1.067,True
scfv_86_8,0.233,CLDN34,0.215,1.084,True
scfv_86_8,0.233,CLDN3,0.215,1.085,True
scfv_86_8,0.233,CLDN7,0.138,1.688,False
scfv_88_1,0.296,CLDN16,0.618,0.478,True
scfv_88_1,0.296,CLDN5,0.517,0.572,True
scfv_88_1,0.296,CLDN7,0.397,0.744,True
scfv_88_1,0.296,CLDN34,0.392,0.753,True
scfv_88_1,0.296,CLDN6,0.388,0.762,True
scfv_88_1,0.296,CLDN19,0.38,0.779,True
scfv_88_1,0.296,CLDN2,0.37,0.799,True
scfv_88_1,0.296,CLDN1,0.364,0.813,True
scfv_88_1,0.296,CLDN14,0.348,0.85,True
scfv_88_1,0.296,CLDN12,0.345,0.858,True
scfv_88_1,0.296,CLDN17,0.339,0.873,True
scfv_88_1,0.296,CLDN3,0.331,0.892,True
scfv_88_1,0.296,CLDN20,0.324,0.912,True
scfv_88_1,0.296,CLDN23,0.313,0.943,True
scfv_88_1,0.296,CLDN10,0.313,0.945,True
scfv_88_1,0.296,CLDN25,0.312,0.948,True
scfv_88_1,0.296,CLDN9,0.299,0.99,True
scfv_88_1,0.296,CLDN11,0.294,1.007,True
scfv_88_1,0.296,CLDN18.2,0.271,1.09,True
scfv_88_1,0.296,CLDN15,0.267,1.109,True
scfv_88_1,0.296,CLDN24,0.257,1.149,True
scfv_88_1,0.296,CLDN22,0.253,1.169,True
scfv_88_1,0.296,CLDN8,0.213,1.385,False
scfv_88_1,0.296,CLDN18,0.198,1.497,False
scfv_93_7,0.807,CLDN6,0.85,0.949,True
scfv_93_7,0.807,CLDN25,0.816,0.988,True
scfv_93_7,0.807,CLDN17,0.796,1.014,True
scfv_93_7,0.807,CLDN19,0.793,1.018,True
scfv_93_7,0.807,CLDN24,0.792,1.018,True
scfv_93_7,0.807,CLDN23,0.787,1.025,True
scfv_93_7,0.807,CLDN8,0.786,1.026,True
scfv_93_7,0.807,CLDN3,0.785,1.028,True
scfv_93_7,0.807,CLDN12,0.747,1.08,True
scfv_93_7,0.807,CLDN1,0.733,1.101,True
scfv_93_7,0.807,CLDN34,0.672,1.2,True
scfv_93_7,0.807,CLDN16,0.655,1.231,False
scfv_93_7,0.807,CLDN22,0.605,1.332,False
scfv_93_7,0.807,CLDN20,0.505,1.597,False
scfv_93_7,0.807,CLDN11,0.461,1.749,False
scfv_93_7,0.807,CLDN5,0.45,1.793,False
scfv_93_7,0.807,CLDN7,0.428,1.884,False
scfv_93_7,0.807,CLDN10,0.379,2.13,False
scfv_93_7,0.807,CLDN18.2,0.367,2.197,False
scfv_93_7,0.807,CLDN9,0.36,2.239,False
scfv_93_7,0.807,CLDN18,0.357,2.257,False
scfv_93_7,0.807,CLDN2,0.351,2.296,False
scfv_93_7,0.807,CLDN15,0.346,2.331,False
scfv_93_7,0.807,CLDN14,0.25,3.223,False
scfv_94_1,0.249,CLDN17,0.745,0.335,True
scfv_94_1,0.249,CLDN34,0.734,0.34,True
scfv_94_1,0.249,CLDN7,0.68,0.367,True
scfv_94_1,0.249,CLDN18.2,0.532,0.469,True
scfv_94_1,0.249,CLDN8,0.51,0.489,True
scfv_94_1,0.249,CLDN11,0.505,0.494,True
scfv_94_1,0.249,CLDN18,0.447,0.559,True
scfv_94_1,0.249,CLDN15,0.438,0.569,True
scfv_94_1,0.249,CLDN20,0.436,0.572,True
scfv_94_1,0.249,CLDN2,0.404,0.617,True
scfv_94_1,0.249,CLDN1,0.374,0.667,True
scfv_94_1,0.249,CLDN16,0.357,0.698,True
scfv_94_1,0.249,CLDN25,0.341,0.731,True
scfv_94_1,0.249,CLDN19,0.341,0.732,True
scfv_94_1,0.249,CLDN10,0.331,0.753,True
scfv_94_1,0.249,CLDN22,0.313,0.796,True
scfv_94_1,0.249,CLDN3,0.304,0.82,True
scfv_94_1,0.249,CLDN12,0.293,0.85,True
scfv_94_1,0.249,CLDN14,0.287,0.87,True
scfv_94_1,0.249,CLDN24,0.271,0.921,True
scfv_94_1,0.249,CLDN9,0.269,0.929,True
scfv_94_1,0.249,CLDN6,0.251,0.995,True
scfv_94_1,0.249,CLDN5,0.248,1.006,True
scfv_94_1,0.249,CLDN23,0.189,1.322,False
scfv_94_7,0.318,CLDN24,0.671,0.474,True
scfv_94_7,0.318,CLDN22,0.66,0.482,True
scfv_94_7,0.318,CLDN18.2,0.425,0.749,True
scfv_94_7,0.318,CLDN16,0.38,0.837,True
scfv_94_7,0.318,CLDN25,0.349,0.912,True
scfv_94_7,0.318,CLDN14,0.339,0.938,True
scfv_94_7,0.318,CLDN12,0.337,0.943,True
scfv_94_7,0.318,CLDN15,0.334,0.953,True
scfv_94_7,0.318,CLDN19,0.33,0.965,True
scfv_94_7,0.318,CLDN8,0.327,0.974,True
scfv_94_7,0.318,CLDN10,0.319,0.997,True
scfv_94_7,0.318,CLDN2,0.318,1.002,True
scfv_94_7,0.318,CLDN18,0.318,1.002,True
scfv_94_7,0.318,CLDN9,0.314,1.012,True
scfv_94_7,0.318,CLDN17,0.295,1.079,True
scfv_94_7,0.318,CLDN1,0.295,1.08,True
scfv_94_7,0.318,CLDN7,0.291,1.092,True
scfv_94_7,0.318,CLDN20,0.285,1.117,True
scfv_94_7,0.318,CLDN3,0.273,1.167,True
scfv_94_7,0.318,CLDN34,0.256,1.244,False
scfv_94_7,0.318,CLDN6,0.248,1.283,False
scfv_94_7,0.318,CLDN11,0.196,1.627,False
scfv_94_7,0.318,CLDN5,0.189,1.687,False
scfv_94_7,0.318,CLDN23,0.152,2.096,False
