pTM,Has_Clash,Fraction_Disordered,Ranking_Score,Matrix_iPTM,Matrix_PAE,Sample_ID,JSON_Path,Affinity_dG,Scientific_Score,MAb,Target
0.72,0,0.15,0.89,0.81,1.36,garetatug_vs_cld18_2,/home/ozangocmen/RFantibody/mab_OTR/mab_offtarget_folders/af3_outputs/garetatug_offtarget_af3_output/garetatug_vs_CLD18_2/garetatug_vs_cld18_2/garetatug_vs_cld18_2_summary_confidences.json,-12.281,0.8869428040205607,garetatug,cld18_2
0.71,0,0.14,0.87,0.795,1.7,omectatug_vs_cld18_2,/home/ozangocmen/RFantibody/mab_OTR/mab_offtarget_folders/af3_outputs/omectatug_offtarget_af3_output/omectatug_vs_CLD18_2/omectatug_vs_cld18_2/omectatug_vs_cld18_2_summary_confidences.json,-10.393,0.839267686050354,omectatug,cld18_2
0.73,0,0.06,0.7,0.615,3.93,zolbetuximab_vs_cld5,/home/ozangocmen/RFantibody/mab_OTR/mab_offtarget_folders/af3_outputs/zolbetuximab_offtarget_af3_output/zolbetuximab_vs_CLD5/zolbetuximab_vs_cld5/zolbetuximab_vs_cld5_summary_confidences.json,-11.807,0.8047632302108344,zolbetuximab,cld5
0.69,0,0.08,0.67,0.58,3.67,gresonitamab_vs_cld3,/home/ozangocmen/RFantibody/mab_OTR/mab_offtarget_folders/af3_outputs/gresonitamab_offtarget_af3_output/gresonitamab_vs_CLD3/gresonitamab_vs_cld3/gresonitamab_vs_cld3_summary_confidences.json,-11.342,0.7790740602000213,gresonitamab,cld3
0.69,0,0.08,0.66,0.5,5.52,ixotatug_vs_cld25,/home/ozangocmen/RFantibody/mab_OTR/mab_offtarget_folders/af3_outputs/ixotatug_offtarget_af3_output/ixotatug_vs_CLD25/ixotatug_vs_cld25/ixotatug_vs_cld25_summary_confidences.json,-11.93,0.7377559901957588,ixotatug,cld25
0.71,0,0.07,0.75,0.675,2.41,osemitamab_vs_cld9,/home/ozangocmen/RFantibody/mab_OTR/mab_offtarget_folders/af3_outputs/osemitamab_offtarget_af3_output/osemitamab_vs_CLD9/osemitamab_vs_cld9/osemitamab_vs_cld9_summary_confidences.json,-9.308,0.7350992522256888,osemitamab,cld9
0.65,0,0.11,0.65,0.555,2.6,osemitamab_vs_cld14,/home/ozangocmen/RFantibody/mab_OTR/mab_offtarget_folders/af3_outputs/osemitamab_offtarget_af3_output/osemitamab_vs_CLD14/osemitamab_vs_cld14/osemitamab_vs_cld14_summary_confidences.json,-10.229,0.7304108757394703,osemitamab,cld14
0.74,0,0.06,0.76,0.7,2.35,tecotabart_vs_cld5,/home/ozangocmen/RFantibody/mab_OTR/mab_offtarget_folders/af3_outputs/tecotabart_offtarget_af3_output/tecotabart_vs_CLD5/tecotabart_vs_cld5/tecotabart_vs_cld5_summary_confidences.json,-8.964,0.7267502429685113,tecotabart,cld5
0.69,0,0.05,0.65,0.5700000000000001,2.43,osemitamab_vs_cld4,/home/ozangocmen/RFantibody/mab_OTR/mab_offtarget_folders/af3_outputs/osemitamab_offtarget_af3_output/osemitamab_vs_CLD4/osemitamab_vs_cld4/osemitamab_vs_cld4_summary_confidences.json,-9.933,0.7264208809743756,osemitamab,cld4
0.75,0,0.07,0.81,0.755,1.83,tecotabart_vs_cld17,/home/ozangocmen/RFantibody/mab_OTR/mab_offtarget_folders/af3_outputs/tecotabart_offtarget_af3_output/tecotabart_vs_CLD17/tecotabart_vs_cld17/tecotabart_vs_cld17_summary_confidences.json,-8.494,0.7210329215026052,tecotabart,cld17
0.65,0,0.07,0.6,0.5,4.37,gresonitamab_vs_cld8,/home/ozangocmen/RFantibody/mab_OTR/mab_offtarget_folders/af3_outputs/gresonitamab_offtarget_af3_output/gresonitamab_vs_CLD8/gresonitamab_vs_cld8/gresonitamab_vs_cld8_summary_confidences.json,-10.136,0.7042361193561668,gresonitamab,cld8
0.68,0,0.07,0.71,0.635,2.59,osemitamab_vs_cld6,/home/ozangocmen/RFantibody/mab_OTR/mab_offtarget_folders/af3_outputs/osemitamab_offtarget_af3_output/osemitamab_vs_CLD6/osemitamab_vs_cld6/osemitamab_vs_cld6_summary_confidences.json,-8.961,0.6945628089061405,osemitamab,cld6
0.61,0,0.2,0.64,0.46499999999999997,5.29,gresonitamab_vs_cld23,/home/ozangocmen/RFantibody/mab_OTR/mab_offtarget_folders/af3_outputs/gresonitamab_offtarget_af3_output/gresonitamab_vs_CLD23/gresonitamab_vs_cld23/gresonitamab_vs_cld23_summary_confidences.json,-14.717,0.6858231623797737,gresonitamab,cld23
0.59,0,0.09,0.53,0.335,5.47,omectatug_vs_cld2,/home/ozangocmen/RFantibody/mab_OTR/mab_offtarget_folders/af3_outputs/omectatug_offtarget_af3_output/omectatug_vs_CLD2/omectatug_vs_cld2/omectatug_vs_cld2_summary_confidences.json,-12.865,0.6710811604125821,omectatug,cld2
0.66,0,0.2,0.77,0.655,3.19,ixotatug_vs_cld23,/home/ozangocmen/RFantibody/mab_OTR/mab_offtarget_folders/af3_outputs/ixotatug_offtarget_af3_output/ixotatug_vs_CLD23/ixotatug_vs_cld23/ixotatug_vs_cld23_summary_confidences.json,-9.202,0.66558224523972,ixotatug,cld23
0.7,0,0.08,0.67,0.58,3.14,tecotabart_vs_cld3,/home/ozangocmen/RFantibody/mab_OTR/mab_offtarget_folders/af3_outputs/tecotabart_offtarget_af3_output/tecotabart_vs_CLD3/tecotabart_vs_cld3/tecotabart_vs_cld3_summary_confidences.json,-8.772,0.662811411776765,tecotabart,cld3
0.64,0,0.07,0.59,0.38,6.06,lixudebart_vs_cld6,/home/ozangocmen/RFantibody/mab_OTR/mab_offtarget_folders/af3_outputs/lixudebart_offtarget_af3_output/lixudebart_vs_CLD6/lixudebart_vs_cld6/lixudebart_vs_cld6_summary_confidences.json,-11.685,0.6621767832670207,lixudebart,cld6
0.64,0,0.07,0.59,0.38,6.06,eclutatug_vs_cld6,/home/ozangocmen/RFantibody/mab_OTR/mab_offtarget_folders/af3_outputs/eclutatug_offtarget_af3_output/eclutatug_vs_CLD6/eclutatug_vs_cld6/eclutatug_vs_cld6_summary_confidences.json,-11.685,0.6621767832670207,eclutatug,cld6
0.61,0,0.2,0.64,0.45999999999999996,6.2,zolbetuximab_vs_cld23,/home/ozangocmen/RFantibody/mab_OTR/mab_offtarget_folders/af3_outputs/zolbetuximab_offtarget_af3_output/zolbetuximab_vs_CLD23/zolbetuximab_vs_cld23/zolbetuximab_vs_cld23_summary_confidences.json,-12.557,0.6452095571365362,zolbetuximab,cld23
0.65,0,0.07,0.61,0.355,6.64,tecotabart_vs_cld8,/home/ozangocmen/RFantibody/mab_OTR/mab_offtarget_folders/af3_outputs/tecotabart_offtarget_af3_output/tecotabart_vs_CLD8/tecotabart_vs_cld8/tecotabart_vs_cld8_summary_confidences.json,-13.125,0.6444519735006178,tecotabart,cld8
0.65,0,0.05,0.6,0.42,6.6,gresonitamab_vs_cld7,/home/ozangocmen/RFantibody/mab_OTR/mab_offtarget_folders/af3_outputs/gresonitamab_offtarget_af3_output/gresonitamab_vs_CLD7/gresonitamab_vs_cld7/gresonitamab_vs_cld7_summary_confidences.json,-10.571,0.6328386727190352,gresonitamab,cld7
0.66,0,0.07,0.61,0.405,7.56,omectatug_vs_cld8,/home/ozangocmen/RFantibody/mab_OTR/mab_offtarget_folders/af3_outputs/omectatug_offtarget_af3_output/omectatug_vs_CLD8/omectatug_vs_cld8/omectatug_vs_cld8_summary_confidences.json,-12.034,0.6250931067212528,omectatug,cld8
0.58,0,0.09,0.54,0.33,5.73,zolbetuximab_vs_cld16,/home/ozangocmen/RFantibody/mab_OTR/mab_offtarget_folders/af3_outputs/zolbetuximab_offtarget_af3_output/zolbetuximab_vs_CLD16/zolbetuximab_vs_cld16/zolbetuximab_vs_cld16_summary_confidences.json,-10.568,0.6208031478070184,zolbetuximab,cld16
0.6,0,0.07,0.54,0.29500000000000004,6.45,omectatug_vs_cld9,/home/ozangocmen/RFantibody/mab_OTR/mab_offtarget_folders/af3_outputs/omectatug_offtarget_af3_output/omectatug_vs_CLD9/omectatug_vs_cld9/omectatug_vs_cld9_summary_confidences.json,-12.704,0.6202060305044549,omectatug,cld9
0.64,0,0.05,0.58,0.325,6.8,ixotatug_vs_cld4,/home/ozangocmen/RFantibody/mab_OTR/mab_offtarget_folders/af3_outputs/ixotatug_offtarget_af3_output/ixotatug_vs_CLD4/ixotatug_vs_cld4/ixotatug_vs_cld4_summary_confidences.json,-11.855,0.616108426815063,ixotatug,cld4
0.61,0,0.2,0.63,0.43,7.01,osemitamab_vs_cld23,/home/ozangocmen/RFantibody/mab_OTR/mab_offtarget_folders/af3_outputs/osemitamab_offtarget_af3_output/osemitamab_vs_CLD23/osemitamab_vs_cld23/osemitamab_vs_cld23_summary_confidences.json,-12.993,0.6066867189694432,osemitamab,cld23
0.64,0,0.08,0.6,0.43,5.78,tecotabart_vs_cld19,/home/ozangocmen/RFantibody/mab_OTR/mab_offtarget_folders/af3_outputs/tecotabart_offtarget_af3_output/tecotabart_vs_CLD19/tecotabart_vs_cld19/tecotabart_vs_cld19_summary_confidences.json,-9.378,0.6064905163510306,tecotabart,cld19
0.62,0,0.05,0.56,0.275,7.13,eclutatug_vs_cld4,/home/ozangocmen/RFantibody/mab_OTR/mab_offtarget_folders/af3_outputs/eclutatug_offtarget_af3_output/eclutatug_vs_CLD4/eclutatug_vs_cld4/eclutatug_vs_cld4_summary_confidences.json,-12.779,0.5903447552604865,eclutatug,cld4
0.62,0,0.05,0.56,0.275,7.13,lixudebart_vs_cld4,/home/ozangocmen/RFantibody/mab_OTR/mab_offtarget_folders/af3_outputs/lixudebart_offtarget_af3_output/lixudebart_vs_CLD4/lixudebart_vs_cld4/lixudebart_vs_cld4_summary_confidences.json,-12.779,0.5903447552604865,lixudebart,cld4
0.61,0,0.07,0.56,0.295,6.93,omectatug_vs_cld17,/home/ozangocmen/RFantibody/mab_OTR/mab_offtarget_folders/af3_outputs/omectatug_offtarget_af3_output/omectatug_vs_CLD17/omectatug_vs_cld17/omectatug_vs_cld17_summary_confidences.json,-11.159,0.5841981293135612,omectatug,cld17
0.61,0,0.05,0.54,0.245,6.61,zolbetuximab_vs_cld4,/home/ozangocmen/RFantibody/mab_OTR/mab_offtarget_folders/af3_outputs/zolbetuximab_offtarget_af3_output/zolbetuximab_vs_CLD4/zolbetuximab_vs_cld4/zolbetuximab_vs_cld4_summary_confidences.json,-11.263,0.5779415011972192,zolbetuximab,cld4
0.59,0,0.08,0.55,0.36,5.43,gresonitamab_vs_cld25,/home/ozangocmen/RFantibody/mab_OTR/mab_offtarget_folders/af3_outputs/gresonitamab_offtarget_af3_output/gresonitamab_vs_CLD25/gresonitamab_vs_cld25/gresonitamab_vs_cld25_summary_confidences.json,-9.24,0.5775712694596553,gresonitamab,cld25
0.65,0,0.05,0.59,0.325,8.12,zolbetuximab_vs_cld11,/home/ozangocmen/RFantibody/mab_OTR/mab_offtarget_folders/af3_outputs/zolbetuximab_offtarget_af3_output/zolbetuximab_vs_CLD11/zolbetuximab_vs_cld11/zolbetuximab_vs_cld11_summary_confidences.json,-12.204,0.5738175603507982,zolbetuximab,cld11
0.62,0,0.06,0.56,0.32,8.23,garetatug_vs_cld24,/home/ozangocmen/RFantibody/mab_OTR/mab_offtarget_folders/af3_outputs/garetatug_offtarget_af3_output/garetatug_vs_CLD24/garetatug_vs_cld24/garetatug_vs_cld24_summary_confidences.json,-12.173,0.5645942274224979,garetatug,cld24
0.57,0,0.07,0.51,0.22999999999999998,6.56,ixotatug_vs_cld20,/home/ozangocmen/RFantibody/mab_OTR/mab_offtarget_folders/af3_outputs/ixotatug_offtarget_af3_output/ixotatug_vs_CLD20/ixotatug_vs_cld20/ixotatug_vs_cld20_summary_confidences.json,-11.018,0.56395422589655,ixotatug,cld20
0.62,0,0.03,0.54,0.255,5.49,garetatug_vs_cld34,/home/ozangocmen/RFantibody/mab_OTR/mab_offtarget_folders/af3_outputs/garetatug_offtarget_af3_output/garetatug_vs_CLD34/garetatug_vs_cld34/garetatug_vs_cld34_summary_confidences.json,-9.677,0.5622671999813592,garetatug,cld34
0.59,0,0.09,0.54,0.3,8.22,gresonitamab_vs_cld15,/home/ozangocmen/RFantibody/mab_OTR/mab_offtarget_folders/af3_outputs/gresonitamab_offtarget_af3_output/gresonitamab_vs_CLD15/gresonitamab_vs_cld15/gresonitamab_vs_cld15_summary_confidences.json,-13.017,0.5595779021192501,gresonitamab,cld15
0.64,0,0.05,0.57,0.325,5.55,garetatug_vs_cld7,/home/ozangocmen/RFantibody/mab_OTR/mab_offtarget_folders/af3_outputs/garetatug_offtarget_af3_output/garetatug_vs_CLD7/garetatug_vs_cld7/garetatug_vs_cld7_summary_confidences.json,-9.084,0.5546040580337759,garetatug,cld7
0.59,0,0.08,0.53,0.27,7.25,osemitamab_vs_cld3,/home/ozangocmen/RFantibody/mab_OTR/mab_offtarget_folders/af3_outputs/osemitamab_offtarget_af3_output/osemitamab_vs_CLD3/osemitamab_vs_cld3/osemitamab_vs_cld3_summary_confidences.json,-10.809,0.5514531000890758,osemitamab,cld3
0.58,0,0.11,0.55,0.3,7.7,gresonitamab_vs_cld14,/home/ozangocmen/RFantibody/mab_OTR/mab_offtarget_folders/af3_outputs/gresonitamab_offtarget_af3_output/gresonitamab_vs_CLD14/gresonitamab_vs_cld14/gresonitamab_vs_cld14_summary_confidences.json,-10.894,0.5488741624855289,gresonitamab,cld14
0.56,0,0.09,0.5,0.215,7.28,ixotatug_vs_cld15,/home/ozangocmen/RFantibody/mab_OTR/mab_offtarget_folders/af3_outputs/ixotatug_offtarget_af3_output/ixotatug_vs_CLD15/ixotatug_vs_cld15/ixotatug_vs_cld15_summary_confidences.json,-11.9,0.5475330378018242,ixotatug,cld15
0.59,0,0.03,0.51,0.20500000000000002,7.45,osemitamab_vs_cld34,/home/ozangocmen/RFantibody/mab_OTR/mab_offtarget_folders/af3_outputs/osemitamab_offtarget_af3_output/osemitamab_vs_CLD34/osemitamab_vs_cld34/osemitamab_vs_cld34_summary_confidences.json,-12.588,0.546772640023497,osemitamab,cld34
0.63,0,0.05,0.56,0.28,7.04,sonesitamab_vs_cld11,/home/ozangocmen/RFantibody/mab_OTR/mab_offtarget_folders/af3_outputs/sonesitamab_offtarget_af3_output/sonesitamab_vs_CLD11/sonesitamab_vs_cld11/sonesitamab_vs_cld11_summary_confidences.json,-10.197,0.5441405247203013,sonesitamab,cld11
0.58,0,0.11,0.54,0.28,7.14,zolbetuximab_vs_cld14,/home/ozangocmen/RFantibody/mab_OTR/mab_offtarget_folders/af3_outputs/zolbetuximab_offtarget_af3_output/zolbetuximab_vs_CLD14/zolbetuximab_vs_cld14/zolbetuximab_vs_cld14_summary_confidences.json,-10.344,0.5418581711723033,zolbetuximab,cld14
0.57,0,0.06,0.5,0.24,7.05,omectatug_vs_cld24,/home/ozangocmen/RFantibody/mab_OTR/mab_offtarget_folders/af3_outputs/omectatug_offtarget_af3_output/omectatug_vs_CLD24/omectatug_vs_cld24/omectatug_vs_cld24_summary_confidences.json,-10.465,0.532859769488336,omectatug,cld24
0.58,0,0.09,0.52,0.19,7.87,garetatug_vs_cld15,/home/ozangocmen/RFantibody/mab_OTR/mab_offtarget_folders/af3_outputs/garetatug_offtarget_af3_output/garetatug_vs_CLD15/garetatug_vs_cld15/garetatug_vs_cld15_summary_confidences.json,-15.672,0.5311839339746045,garetatug,cld15
0.6,0,0.08,0.55,0.26,7.81,tecotabart_vs_cld2,/home/ozangocmen/RFantibody/mab_OTR/mab_offtarget_folders/af3_outputs/tecotabart_offtarget_af3_output/tecotabart_vs_CLD2/tecotabart_vs_cld2/tecotabart_vs_cld2_summary_confidences.json,-10.826,0.5289639879217599,tecotabart,cld2
0.58,0,0.06,0.5,0.245,7.09,omectatug_vs_cld22,/home/ozangocmen/RFantibody/mab_OTR/mab_offtarget_folders/af3_outputs/omectatug_offtarget_af3_output/omectatug_vs_CLD22/omectatug_vs_cld22/omectatug_vs_cld22_summary_confidences.json,-10.326,0.5289016973918473,omectatug,cld22
0.59,0,0.08,0.53,0.19,7.79,garetatug_vs_cld3,/home/ozangocmen/RFantibody/mab_OTR/mab_offtarget_folders/af3_outputs/garetatug_offtarget_af3_output/garetatug_vs_CLD3/garetatug_vs_cld3/garetatug_vs_cld3_summary_confidences.json,-12.08,0.5243721890081076,garetatug,cld3
0.6,0,0.07,0.54,0.245,8.21,lixudebart_vs_cld9,/home/ozangocmen/RFantibody/mab_OTR/mab_offtarget_folders/af3_outputs/lixudebart_offtarget_af3_output/lixudebart_vs_CLD9/lixudebart_vs_cld9/lixudebart_vs_cld9_summary_confidences.json,-11.36,0.5217885942331637,lixudebart,cld9
0.6,0,0.07,0.54,0.245,8.21,eclutatug_vs_cld9,/home/ozangocmen/RFantibody/mab_OTR/mab_offtarget_folders/af3_outputs/eclutatug_offtarget_af3_output/eclutatug_vs_CLD9/eclutatug_vs_cld9/eclutatug_vs_cld9_summary_confidences.json,-11.36,0.5217885942331637,eclutatug,cld9
0.62,0,0.06,0.56,0.29000000000000004,6.54,gresonitamab_vs_cld24,/home/ozangocmen/RFantibody/mab_OTR/mab_offtarget_folders/af3_outputs/gresonitamab_offtarget_af3_output/gresonitamab_vs_CLD24/gresonitamab_vs_cld24/gresonitamab_vs_cld24_summary_confidences.json,-9.239,0.5128668000728179,gresonitamab,cld24
0.6,0,0.05,0.53,0.22999999999999998,8.79,lixudebart_vs_cld1,/home/ozangocmen/RFantibody/mab_OTR/mab_offtarget_folders/af3_outputs/lixudebart_offtarget_af3_output/lixudebart_vs_CLD1/lixudebart_vs_cld1/lixudebart_vs_cld1_summary_confidences.json,-12.867,0.511519777663315,lixudebart,cld1
0.6,0,0.05,0.53,0.22999999999999998,8.79,eclutatug_vs_cld1,/home/ozangocmen/RFantibody/mab_OTR/mab_offtarget_folders/af3_outputs/eclutatug_offtarget_af3_output/eclutatug_vs_CLD1/eclutatug_vs_cld1/eclutatug_vs_cld1_summary_confidences.json,-12.867,0.511519777663315,eclutatug,cld1
0.62,0,0.08,0.57,0.30500000000000005,6.22,zolbetuximab_vs_cld3,/home/ozangocmen/RFantibody/mab_OTR/mab_offtarget_folders/af3_outputs/zolbetuximab_offtarget_af3_output/zolbetuximab_vs_CLD3/zolbetuximab_vs_cld3/zolbetuximab_vs_cld3_summary_confidences.json,-8.907,0.509620257167738,zolbetuximab,cld3
0.6,0,0.03,0.51,0.215,8.38,zolbetuximab_vs_cld34,/home/ozangocmen/RFantibody/mab_OTR/mab_offtarget_folders/af3_outputs/zolbetuximab_offtarget_af3_output/zolbetuximab_vs_CLD34/zolbetuximab_vs_cld34/zolbetuximab_vs_cld34_summary_confidences.json,-11.686,0.509334580304627,zolbetuximab,cld34
0.58,0,0.08,0.51,0.19,7.75,garetatug_vs_cld6,/home/ozangocmen/RFantibody/mab_OTR/mab_offtarget_folders/af3_outputs/garetatug_offtarget_af3_output/garetatug_vs_CLD6/garetatug_vs_cld6/garetatug_vs_cld6_summary_confidences.json,-11.039,0.5069935648787807,garetatug,cld6
0.58,0,0.07,0.51,0.235,7.15,zolbetuximab_vs_cld9,/home/ozangocmen/RFantibody/mab_OTR/mab_offtarget_folders/af3_outputs/zolbetuximab_offtarget_af3_output/zolbetuximab_vs_CLD9/zolbetuximab_vs_cld9/zolbetuximab_vs_cld9_summary_confidences.json,-9.972,0.5065937758835111,zolbetuximab,cld9
0.63,0,0.05,0.57,0.28,8.39,tecotabart_vs_cld4,/home/ozangocmen/RFantibody/mab_OTR/mab_offtarget_folders/af3_outputs/tecotabart_offtarget_af3_output/tecotabart_vs_CLD4/tecotabart_vs_cld4/tecotabart_vs_cld4_summary_confidences.json,-10.453,0.506543498320883,tecotabart,cld4
0.61,0,0.05,0.54,0.245,8.95,eclutatug_vs_cld7,/home/ozangocmen/RFantibody/mab_OTR/mab_offtarget_folders/af3_outputs/eclutatug_offtarget_af3_output/eclutatug_vs_CLD7/eclutatug_vs_cld7/eclutatug_vs_cld7_summary_confidences.json,-11.953,0.5055298427886462,eclutatug,cld7
0.61,0,0.05,0.54,0.245,8.95,lixudebart_vs_cld7,/home/ozangocmen/RFantibody/mab_OTR/mab_offtarget_folders/af3_outputs/lixudebart_offtarget_af3_output/lixudebart_vs_CLD7/lixudebart_vs_cld7/lixudebart_vs_cld7_summary_confidences.json,-11.953,0.5055298427886462,lixudebart,cld7
0.59,0,0.05,0.52,0.29,8.46,osemitamab_vs_cld7,/home/ozangocmen/RFantibody/mab_OTR/mab_offtarget_folders/af3_outputs/osemitamab_offtarget_af3_output/osemitamab_vs_CLD7/osemitamab_vs_cld7/osemitamab_vs_cld7_summary_confidences.json,-10.377,0.5010557601547692,osemitamab,cld7
0.55,0,0.08,0.49,0.155,7.79,garetatug_vs_cld2,/home/ozangocmen/RFantibody/mab_OTR/mab_offtarget_folders/af3_outputs/garetatug_offtarget_af3_output/garetatug_vs_CLD2/garetatug_vs_cld2/garetatug_vs_cld2_summary_confidences.json,-11.621,0.5004073768812672,garetatug,cld2
0.56,0,0.2,0.57,0.28,7.68,lixudebart_vs_cld23,/home/ozangocmen/RFantibody/mab_OTR/mab_offtarget_folders/af3_outputs/lixudebart_offtarget_af3_output/lixudebart_vs_CLD23/lixudebart_vs_cld23/lixudebart_vs_cld23_summary_confidences.json,-11.326,0.5000376088765711,lixudebart,cld23
0.56,0,0.2,0.57,0.28,7.68,eclutatug_vs_cld23,/home/ozangocmen/RFantibody/mab_OTR/mab_offtarget_folders/af3_outputs/eclutatug_offtarget_af3_output/eclutatug_vs_CLD23/eclutatug_vs_cld23/eclutatug_vs_cld23_summary_confidences.json,-11.326,0.5000376088765711,eclutatug,cld23
0.57,0,0.08,0.51,0.175,8.26,omectatug_vs_cld19,/home/ozangocmen/RFantibody/mab_OTR/mab_offtarget_folders/af3_outputs/omectatug_offtarget_af3_output/omectatug_vs_CLD19/omectatug_vs_cld19/omectatug_vs_cld19_summary_confidences.json,-11.978,0.4984640000521959,omectatug,cld19
0.59,0,0.09,0.54,0.22999999999999998,9.01,tecotabart_vs_cld10,/home/ozangocmen/RFantibody/mab_OTR/mab_offtarget_folders/af3_outputs/tecotabart_offtarget_af3_output/tecotabart_vs_CLD10/tecotabart_vs_cld10/tecotabart_vs_cld10_summary_confidences.json,-12.17,0.49770811043003693,tecotabart,cld10
0.61,0,0.05,0.54,0.22,9.14,omectatug_vs_cld1,/home/ozangocmen/RFantibody/mab_OTR/mab_offtarget_folders/af3_outputs/omectatug_offtarget_af3_output/omectatug_vs_CLD1/omectatug_vs_cld1/omectatug_vs_cld1_summary_confidences.json,-13.268,0.497688803974094,omectatug,cld1
0.59,0,0.07,0.52,0.2,8.38,garetatug_vs_cld8,/home/ozangocmen/RFantibody/mab_OTR/mab_offtarget_folders/af3_outputs/garetatug_offtarget_af3_output/garetatug_vs_CLD8/garetatug_vs_cld8/garetatug_vs_cld8_summary_confidences.json,-11.346,0.4964396544522116,garetatug,cld8
0.59,0,0.09,0.54,0.245,8.11,lixudebart_vs_cld15,/home/ozangocmen/RFantibody/mab_OTR/mab_offtarget_folders/af3_outputs/lixudebart_offtarget_af3_output/lixudebart_vs_CLD15/lixudebart_vs_cld15/lixudebart_vs_cld15_summary_confidences.json,-10.363,0.49499028235849774,lixudebart,cld15
0.59,0,0.09,0.54,0.245,8.11,eclutatug_vs_cld15,/home/ozangocmen/RFantibody/mab_OTR/mab_offtarget_folders/af3_outputs/eclutatug_offtarget_af3_output/eclutatug_vs_CLD15/eclutatug_vs_cld15/eclutatug_vs_cld15_summary_confidences.json,-10.363,0.49499028235849774,eclutatug,cld15
0.6,0,0.07,0.53,0.22499999999999998,9.12,sonesitamab_vs_cld17,/home/ozangocmen/RFantibody/mab_OTR/mab_offtarget_folders/af3_outputs/sonesitamab_offtarget_af3_output/sonesitamab_vs_CLD17/sonesitamab_vs_cld17/sonesitamab_vs_cld17_summary_confidences.json,-12.365,0.49450529551025996,sonesitamab,cld17
0.58,0,0.05,0.49,0.15,8.24,omectatug_vs_cld11,/home/ozangocmen/RFantibody/mab_OTR/mab_offtarget_folders/af3_outputs/omectatug_offtarget_af3_output/omectatug_vs_CLD11/omectatug_vs_cld11/omectatug_vs_cld11_summary_confidences.json,-12.377,0.4940302004081786,omectatug,cld11
0.59,0,0.07,0.52,0.215,8.97,omectatug_vs_cld6,/home/ozangocmen/RFantibody/mab_OTR/mab_offtarget_folders/af3_outputs/omectatug_offtarget_af3_output/omectatug_vs_CLD6/omectatug_vs_cld6/omectatug_vs_cld6_summary_confidences.json,-12.168,0.4931173213224727,omectatug,cld6
0.6,0,0.06,0.54,0.31,9.08,ixotatug_vs_cld24,/home/ozangocmen/RFantibody/mab_OTR/mab_offtarget_folders/af3_outputs/ixotatug_offtarget_af3_output/ixotatug_vs_CLD24/ixotatug_vs_cld24/ixotatug_vs_cld24_summary_confidences.json,-10.511,0.4930880541637215,ixotatug,cld24
0.54,0,0.2,0.55,0.22999999999999998,7.41,omectatug_vs_cld23,/home/ozangocmen/RFantibody/mab_OTR/mab_offtarget_folders/af3_outputs/omectatug_offtarget_af3_output/omectatug_vs_CLD23/omectatug_vs_cld23/omectatug_vs_cld23_summary_confidences.json,-11.411,0.4893441393444766,omectatug,cld23
0.6,0,0.06,0.54,0.32,6.42,gresonitamab_vs_cld22,/home/ozangocmen/RFantibody/mab_OTR/mab_offtarget_folders/af3_outputs/gresonitamab_offtarget_af3_output/gresonitamab_vs_CLD22/gresonitamab_vs_cld22/gresonitamab_vs_cld22_summary_confidences.json,-8.62,0.4888174385521786,gresonitamab,cld22
0.58,0,0.03,0.5,0.2,7.12,ixotatug_vs_cld34,/home/ozangocmen/RFantibody/mab_OTR/mab_offtarget_folders/af3_outputs/ixotatug_offtarget_af3_output/ixotatug_vs_CLD34/ixotatug_vs_cld34/ixotatug_vs_cld34_summary_confidences.json,-9.87,0.488472138785237,ixotatug,cld34
0.56,0,0.12,0.52,0.225,8.55,omectatug_vs_cld18,/home/ozangocmen/RFantibody/mab_OTR/mab_offtarget_folders/af3_outputs/omectatug_offtarget_af3_output/omectatug_vs_CLD18/omectatug_vs_cld18/omectatug_vs_cld18_summary_confidences.json,-10.948,0.48802138530665884,omectatug,cld18
0.56,0,0.13,0.53,0.225,8.83,gresonitamab_vs_cld18,/home/ozangocmen/RFantibody/mab_OTR/mab_offtarget_folders/af3_outputs/gresonitamab_offtarget_af3_output/gresonitamab_vs_CLD18/gresonitamab_vs_cld18/gresonitamab_vs_cld18_summary_confidences.json,-11.375,0.48793952446253064,gresonitamab,cld18
0.59,0,0.07,0.53,0.32999999999999996,10.0,eclutatug_vs_cld8,/home/ozangocmen/RFantibody/mab_OTR/mab_offtarget_folders/af3_outputs/eclutatug_offtarget_af3_output/eclutatug_vs_CLD8/eclutatug_vs_cld8/eclutatug_vs_cld8_summary_confidences.json,-10.994,0.482469990364299,eclutatug,cld8
0.59,0,0.07,0.53,0.32999999999999996,10.0,lixudebart_vs_cld8,/home/ozangocmen/RFantibody/mab_OTR/mab_offtarget_folders/af3_outputs/lixudebart_offtarget_af3_output/lixudebart_vs_CLD8/lixudebart_vs_cld8/lixudebart_vs_cld8_summary_confidences.json,-10.994,0.482469990364299,lixudebart,cld8
0.59,0,0.05,0.52,0.185,9.11,garetatug_vs_cld1,/home/ozangocmen/RFantibody/mab_OTR/mab_offtarget_folders/af3_outputs/garetatug_offtarget_af3_output/garetatug_vs_CLD1/garetatug_vs_cld1/garetatug_vs_cld1_summary_confidences.json,-12.79,0.4806902051759432,garetatug,cld1
0.53,0,0.13,0.5,0.195,8.23,ixotatug_vs_cld18,/home/ozangocmen/RFantibody/mab_OTR/mab_offtarget_folders/af3_outputs/ixotatug_offtarget_af3_output/ixotatug_vs_CLD18/ixotatug_vs_cld18/ixotatug_vs_cld18_summary_confidences.json,-10.779,0.4795361927036601,ixotatug,cld18
0.59,0,0.08,0.53,0.21000000000000002,9.76,sonesitamab_vs_cld6,/home/ozangocmen/RFantibody/mab_OTR/mab_offtarget_folders/af3_outputs/sonesitamab_offtarget_af3_output/sonesitamab_vs_CLD6/sonesitamab_vs_cld6/sonesitamab_vs_cld6_summary_confidences.json,-15.182,0.47248449240451873,sonesitamab,cld6
0.57,0,0.11,0.53,0.225,7.4,garetatug_vs_cld14,/home/ozangocmen/RFantibody/mab_OTR/mab_offtarget_folders/af3_outputs/garetatug_offtarget_af3_output/garetatug_vs_CLD14/garetatug_vs_cld14/garetatug_vs_cld14_summary_confidences.json,-9.594,0.4723563153356627,garetatug,cld14
0.6,0,0.03,0.51,0.21,8.15,tecotabart_vs_cld34,/home/ozangocmen/RFantibody/mab_OTR/mab_offtarget_folders/af3_outputs/tecotabart_offtarget_af3_output/tecotabart_vs_CLD34/tecotabart_vs_cld34/tecotabart_vs_cld34_summary_confidences.json,-10.145,0.4711491154697337,tecotabart,cld34
0.57,0,0.08,0.5,0.28500000000000003,9.32,omectatug_vs_cld25,/home/ozangocmen/RFantibody/mab_OTR/mab_offtarget_folders/af3_outputs/omectatug_offtarget_af3_output/omectatug_vs_CLD25/omectatug_vs_cld25/omectatug_vs_cld25_summary_confidences.json,-10.486,0.47058356952773844,omectatug,cld25
0.6,0,0.06,0.53,0.235,9.67,osemitamab_vs_cld24,/home/ozangocmen/RFantibody/mab_OTR/mab_offtarget_folders/af3_outputs/osemitamab_offtarget_af3_output/osemitamab_vs_CLD24/osemitamab_vs_cld24/osemitamab_vs_cld24_summary_confidences.json,-11.241,0.46318213103807293,osemitamab,cld24
0.58,0,0.05,0.49,0.16,8.17,osemitamab_vs_cld11,/home/ozangocmen/RFantibody/mab_OTR/mab_offtarget_folders/af3_outputs/osemitamab_offtarget_af3_output/osemitamab_vs_CLD11/osemitamab_vs_cld11/osemitamab_vs_cld11_summary_confidences.json,-10.473,0.46216395005145394,osemitamab,cld11
0.56,0,0.07,0.49,0.16499999999999998,9.09,sonesitamab_vs_cld8,/home/ozangocmen/RFantibody/mab_OTR/mab_offtarget_folders/af3_outputs/sonesitamab_offtarget_af3_output/sonesitamab_vs_CLD8/sonesitamab_vs_cld8/sonesitamab_vs_cld8_summary_confidences.json,-11.812,0.461758783254525,sonesitamab,cld8
0.58,0,0.05,0.5,0.165,9.51,zolbetuximab_vs_cld1,/home/ozangocmen/RFantibody/mab_OTR/mab_offtarget_folders/af3_outputs/zolbetuximab_offtarget_af3_output/zolbetuximab_vs_CLD1/zolbetuximab_vs_cld1/zolbetuximab_vs_cld1_summary_confidences.json,-14.175,0.4615224704124333,zolbetuximab,cld1
0.59,0,0.07,0.52,0.2,9.78,osemitamab_vs_cld20,/home/ozangocmen/RFantibody/mab_OTR/mab_offtarget_folders/af3_outputs/osemitamab_offtarget_af3_output/osemitamab_vs_CLD20/osemitamab_vs_cld20/osemitamab_vs_cld20_summary_confidences.json,-12.393,0.46015697687206547,osemitamab,cld20
0.56,0,0.11,0.51,0.20500000000000002,9.96,tecotabart_vs_cld14,/home/ozangocmen/RFantibody/mab_OTR/mab_offtarget_folders/af3_outputs/tecotabart_offtarget_af3_output/tecotabart_vs_CLD14/tecotabart_vs_cld14/tecotabart_vs_cld14_summary_confidences.json,-14.652,0.45998259076949977,tecotabart,cld14
0.58,0,0.03,0.49,0.175,9.17,omectatug_vs_cld34,/home/ozangocmen/RFantibody/mab_OTR/mab_offtarget_folders/af3_outputs/omectatug_offtarget_af3_output/omectatug_vs_CLD34/omectatug_vs_cld34/omectatug_vs_cld34_summary_confidences.json,-11.477,0.45969983426741645,omectatug,cld34
0.55,0,0.07,0.47,0.13,9.04,zolbetuximab_vs_cld17,/home/ozangocmen/RFantibody/mab_OTR/mab_offtarget_folders/af3_outputs/zolbetuximab_offtarget_af3_output/zolbetuximab_vs_CLD17/zolbetuximab_vs_cld17/zolbetuximab_vs_cld17_summary_confidences.json,-13.334,0.4594779841279099,zolbetuximab,cld17
0.58,0,0.07,0.51,0.175,7.3,omectatug_vs_cld20,/home/ozangocmen/RFantibody/mab_OTR/mab_offtarget_folders/af3_outputs/omectatug_offtarget_af3_output/omectatug_vs_CLD20/omectatug_vs_cld20/omectatug_vs_cld20_summary_confidences.json,-9.571,0.4556056148312442,omectatug,cld20
0.6,0,0.05,0.53,0.21000000000000002,10.06,sonesitamab_vs_cld1,/home/ozangocmen/RFantibody/mab_OTR/mab_offtarget_folders/af3_outputs/sonesitamab_offtarget_af3_output/sonesitamab_vs_CLD1/sonesitamab_vs_cld1/sonesitamab_vs_cld1_summary_confidences.json,-11.879,0.4499853430394206,sonesitamab,cld1
0.6,0,0.05,0.52,0.225,10.36,sonesitamab_vs_cld7,/home/ozangocmen/RFantibody/mab_OTR/mab_offtarget_folders/af3_outputs/sonesitamab_offtarget_af3_output/sonesitamab_vs_CLD7/sonesitamab_vs_cld7/sonesitamab_vs_cld7_summary_confidences.json,-12.208,0.44885498455873435,sonesitamab,cld7
0.53,0,0.19,0.53,0.225,8.89,tecotabart_vs_cld23,/home/ozangocmen/RFantibody/mab_OTR/mab_offtarget_folders/af3_outputs/tecotabart_offtarget_af3_output/tecotabart_vs_CLD23/tecotabart_vs_cld23/tecotabart_vs_cld23_summary_confidences.json,-11.682,0.4480604567490254,tecotabart,cld23
0.58,0,0.07,0.52,0.195,9.88,zolbetuximab_vs_cld8,/home/ozangocmen/RFantibody/mab_OTR/mab_offtarget_folders/af3_outputs/zolbetuximab_offtarget_af3_output/zolbetuximab_vs_CLD8/zolbetuximab_vs_cld8/zolbetuximab_vs_cld8_summary_confidences.json,-11.845,0.44797919826670285,zolbetuximab,cld8
0.6,0,0.05,0.53,0.225,10.48,omectatug_vs_cld4,/home/ozangocmen/RFantibody/mab_OTR/mab_offtarget_folders/af3_outputs/omectatug_offtarget_af3_output/omectatug_vs_CLD4/omectatug_vs_cld4/omectatug_vs_cld4_summary_confidences.json,-12.242,0.4448818586578164,omectatug,cld4
0.56,0,0.07,0.5,0.155,9.83,ixotatug_vs_cld6,/home/ozangocmen/RFantibody/mab_OTR/mab_offtarget_folders/af3_outputs/ixotatug_offtarget_af3_output/ixotatug_vs_CLD6/ixotatug_vs_cld6/ixotatug_vs_cld6_summary_confidences.json,-14.687,0.4446554261487365,ixotatug,cld6
0.57,0,0.08,0.51,0.175,10.07,sonesitamab_vs_cld2,/home/ozangocmen/RFantibody/mab_OTR/mab_offtarget_folders/af3_outputs/sonesitamab_offtarget_af3_output/sonesitamab_vs_CLD2/sonesitamab_vs_cld2/sonesitamab_vs_cld2_summary_confidences.json,-14.115,0.44443604107419116,sonesitamab,cld2
0.55,0,0.09,0.5,0.195,9.92,ixotatug_vs_cld10,/home/ozangocmen/RFantibody/mab_OTR/mab_offtarget_folders/af3_outputs/ixotatug_offtarget_af3_output/ixotatug_vs_CLD10/ixotatug_vs_cld10/ixotatug_vs_cld10_summary_confidences.json,-11.823,0.4432622443336469,ixotatug,cld10
0.6,0,0.05,0.53,0.215,9.61,gresonitamab_vs_cld1,/home/ozangocmen/RFantibody/mab_OTR/mab_offtarget_folders/af3_outputs/gresonitamab_offtarget_af3_output/gresonitamab_vs_CLD1/gresonitamab_vs_cld1/gresonitamab_vs_cld1_summary_confidences.json,-10.716,0.44326036618700826,gresonitamab,cld1
0.57,0,0.07,0.49,0.15,9.13,sonesitamab_vs_cld9,/home/ozangocmen/RFantibody/mab_OTR/mab_offtarget_folders/af3_outputs/sonesitamab_offtarget_af3_output/sonesitamab_vs_CLD9/sonesitamab_vs_cld9/sonesitamab_vs_cld9_summary_confidences.json,-11.138,0.4431355215543587,sonesitamab,cld9
0.58,0,0.08,0.51,0.18,9.81,sonesitamab_vs_cld3,/home/ozangocmen/RFantibody/mab_OTR/mab_offtarget_folders/af3_outputs/sonesitamab_offtarget_af3_output/sonesitamab_vs_CLD3/sonesitamab_vs_cld3/sonesitamab_vs_cld3_summary_confidences.json,-11.652,0.44174782383445155,sonesitamab,cld3
0.56,0,0.11,0.5,0.19,10.04,omectatug_vs_cld14,/home/ozangocmen/RFantibody/mab_OTR/mab_offtarget_folders/af3_outputs/omectatug_offtarget_af3_output/omectatug_vs_CLD14/omectatug_vs_cld14/omectatug_vs_cld14_summary_confidences.json,-11.906,0.4390355606486714,omectatug,cld14
0.56,0,0.08,0.5,0.155,9.68,zolbetuximab_vs_cld19,/home/ozangocmen/RFantibody/mab_OTR/mab_offtarget_folders/af3_outputs/zolbetuximab_offtarget_af3_output/zolbetuximab_vs_CLD19/zolbetuximab_vs_cld19/zolbetuximab_vs_cld19_summary_confidences.json,-11.855,0.4372512839579201,zolbetuximab,cld19
0.57,0,0.08,0.51,0.18,9.8,eclutatug_vs_cld3,/home/ozangocmen/RFantibody/mab_OTR/mab_offtarget_folders/af3_outputs/eclutatug_offtarget_af3_output/eclutatug_vs_CLD3/eclutatug_vs_cld3/eclutatug_vs_cld3_summary_confidences.json,-11.394,0.4366635855105129,eclutatug,cld3
0.57,0,0.08,0.51,0.18,9.8,lixudebart_vs_cld3,/home/ozangocmen/RFantibody/mab_OTR/mab_offtarget_folders/af3_outputs/lixudebart_offtarget_af3_output/lixudebart_vs_CLD3/lixudebart_vs_cld3/lixudebart_vs_cld3_summary_confidences.json,-11.394,0.4366635855105129,lixudebart,cld3
0.59,0,0.05,0.51,0.185,10.51,omectatug_vs_cld7,/home/ozangocmen/RFantibody/mab_OTR/mab_offtarget_folders/af3_outputs/omectatug_offtarget_af3_output/omectatug_vs_CLD7/omectatug_vs_cld7/omectatug_vs_cld7_summary_confidences.json,-13.787,0.43414716216731225,omectatug,cld7
0.57,0,0.06,0.49,0.14,8.97,garetatug_vs_cld5,/home/ozangocmen/RFantibody/mab_OTR/mab_offtarget_folders/af3_outputs/garetatug_offtarget_af3_output/garetatug_vs_CLD5/garetatug_vs_cld5/garetatug_vs_cld5_summary_confidences.json,-10.687,0.43217159150150897,garetatug,cld5
0.54,0,0.08,0.47,0.175,9.72,sonesitamab_vs_cld12,/home/ozangocmen/RFantibody/mab_OTR/mab_offtarget_folders/af3_outputs/sonesitamab_offtarget_af3_output/sonesitamab_vs_CLD12/sonesitamab_vs_cld12/sonesitamab_vs_cld12_summary_confidences.json,-11.242,0.4314181299580495,sonesitamab,cld12
0.58,0,0.05,0.5,0.155,9.93,osemitamab_vs_cld1,/home/ozangocmen/RFantibody/mab_OTR/mab_offtarget_folders/af3_outputs/osemitamab_offtarget_af3_output/osemitamab_vs_CLD1/osemitamab_vs_cld1/osemitamab_vs_cld1_summary_confidences.json,-11.939,0.43136382524165995,osemitamab,cld1
0.57,0,0.06,0.5,0.155,9.51,omectatug_vs_cld5,/home/ozangocmen/RFantibody/mab_OTR/mab_offtarget_folders/af3_outputs/omectatug_offtarget_af3_output/omectatug_vs_CLD5/omectatug_vs_cld5/omectatug_vs_cld5_summary_confidences.json,-11.096,0.43055701934198826,omectatug,cld5
0.56,0,0.06,0.49,0.155,10.1,ixotatug_vs_cld1,/home/ozangocmen/RFantibody/mab_OTR/mab_offtarget_folders/af3_outputs/ixotatug_offtarget_af3_output/ixotatug_vs_CLD1/ixotatug_vs_cld1/ixotatug_vs_cld1_summary_confidences.json,-12.597,0.4291884496667029,ixotatug,cld1
0.58,0,0.07,0.52,0.195,9.23,gresonitamab_vs_cld6,/home/ozangocmen/RFantibody/mab_OTR/mab_offtarget_folders/af3_outputs/gresonitamab_offtarget_af3_output/gresonitamab_vs_CLD6/gresonitamab_vs_cld6/gresonitamab_vs_cld6_summary_confidences.json,-10.241,0.4288630791225526,gresonitamab,cld6
0.57,0,0.08,0.51,0.18,10.55,sonesitamab_vs_cld19,/home/ozangocmen/RFantibody/mab_OTR/mab_offtarget_folders/af3_outputs/sonesitamab_offtarget_af3_output/sonesitamab_vs_CLD19/sonesitamab_vs_cld19/sonesitamab_vs_cld19_summary_confidences.json,-13.786,0.42871653969880286,sonesitamab,cld19
0.56,0,0.03,0.48,0.15,9.84,gresonitamab_vs_cld34,/home/ozangocmen/RFantibody/mab_OTR/mab_offtarget_folders/af3_outputs/gresonitamab_offtarget_af3_output/gresonitamab_vs_CLD34/gresonitamab_vs_cld34/gresonitamab_vs_cld34_summary_confidences.json,-11.76,0.42826176564873175,gresonitamab,cld34
0.58,0,0.05,0.5,0.18,9.97,sonesitamab_vs_cld4,/home/ozangocmen/RFantibody/mab_OTR/mab_offtarget_folders/af3_outputs/sonesitamab_offtarget_af3_output/sonesitamab_vs_CLD4/sonesitamab_vs_cld4/sonesitamab_vs_cld4_summary_confidences.json,-11.144,0.4262766917586317,sonesitamab,cld4
0.52,0,0.2,0.52,0.2,9.32,sonesitamab_vs_cld23,/home/ozangocmen/RFantibody/mab_OTR/mab_offtarget_folders/af3_outputs/sonesitamab_offtarget_af3_output/sonesitamab_vs_CLD23/sonesitamab_vs_cld23/sonesitamab_vs_cld23_summary_confidences.json,-14.116,0.4262232382469583,sonesitamab,cld23
0.58,0,0.07,0.51,0.175,9.27,garetatug_vs_cld17,/home/ozangocmen/RFantibody/mab_OTR/mab_offtarget_folders/af3_outputs/garetatug_offtarget_af3_output/garetatug_vs_CLD17/garetatug_vs_cld17/garetatug_vs_cld17_summary_confidences.json,-10.372,0.42492577286977495,garetatug,cld17
0.56,0,0.09,0.5,0.16,8.32,garetatug_vs_cld16,/home/ozangocmen/RFantibody/mab_OTR/mab_offtarget_folders/af3_outputs/garetatug_offtarget_af3_output/garetatug_vs_CLD16/garetatug_vs_cld16/garetatug_vs_cld16_summary_confidences.json,-9.747,0.4210597372077324,garetatug,cld16
0.57,0,0.08,0.52,0.255,9.03,zolbetuximab_vs_cld12,/home/ozangocmen/RFantibody/mab_OTR/mab_offtarget_folders/af3_outputs/zolbetuximab_offtarget_af3_output/zolbetuximab_vs_CLD12/zolbetuximab_vs_cld12/zolbetuximab_vs_cld12_summary_confidences.json,-9.46,0.41832497260626256,zolbetuximab,cld12
0.59,0,0.08,0.53,0.195,10.43,omectatug_vs_cld3,/home/ozangocmen/RFantibody/mab_OTR/mab_offtarget_folders/af3_outputs/omectatug_offtarget_af3_output/omectatug_vs_CLD3/omectatug_vs_cld3/omectatug_vs_cld3_summary_confidences.json,-11.084,0.4154060059497355,omectatug,cld3
0.57,0,0.09,0.51,0.19,10.42,osemitamab_vs_cld15,/home/ozangocmen/RFantibody/mab_OTR/mab_offtarget_folders/af3_outputs/osemitamab_offtarget_af3_output/osemitamab_vs_CLD15/osemitamab_vs_cld15/osemitamab_vs_cld15_summary_confidences.json,-11.211,0.41473681508941923,osemitamab,cld15
0.57,0,0.05,0.49,0.15,10.18,tecotabart_vs_cld7,/home/ozangocmen/RFantibody/mab_OTR/mab_offtarget_folders/af3_outputs/tecotabart_offtarget_af3_output/tecotabart_vs_CLD7/tecotabart_vs_cld7/tecotabart_vs_cld7_summary_confidences.json,-11.435,0.4118643967207053,tecotabart,cld7
0.55,0,0.08,0.5,0.19,10.78,gresonitamab_vs_cld12,/home/ozangocmen/RFantibody/mab_OTR/mab_offtarget_folders/af3_outputs/gresonitamab_offtarget_af3_output/gresonitamab_vs_CLD12/gresonitamab_vs_cld12/gresonitamab_vs_cld12_summary_confidences.json,-11.698,0.408798559900287,gresonitamab,cld12
0.57,0,0.09,0.51,0.18,9.76,osemitamab_vs_cld10,/home/ozangocmen/RFantibody/mab_OTR/mab_offtarget_folders/af3_outputs/osemitamab_offtarget_af3_output/osemitamab_vs_CLD10/osemitamab_vs_cld10/osemitamab_vs_cld10_summary_confidences.json,-10.37,0.40834503839221736,osemitamab,cld10
0.56,0,0.06,0.48,0.135,10.61,sonesitamab_vs_cld24,/home/ozangocmen/RFantibody/mab_OTR/mab_offtarget_folders/af3_outputs/sonesitamab_offtarget_af3_output/sonesitamab_vs_CLD24/sonesitamab_vs_cld24/sonesitamab_vs_cld24_summary_confidences.json,-13.97,0.4079190388596956,sonesitamab,cld24
0.58,0,0.08,0.52,0.185,10.22,osemitamab_vs_cld19,/home/ozangocmen/RFantibody/mab_OTR/mab_offtarget_folders/af3_outputs/osemitamab_offtarget_af3_output/osemitamab_vs_CLD19/osemitamab_vs_cld19/osemitamab_vs_cld19_summary_confidences.json,-10.728,0.40786053345109663,osemitamab,cld19
0.58,0,0.07,0.52,0.23,9.41,gresonitamab_vs_cld17,/home/ozangocmen/RFantibody/mab_OTR/mab_offtarget_folders/af3_outputs/gresonitamab_offtarget_af3_output/gresonitamab_vs_CLD17/gresonitamab_vs_cld17/gresonitamab_vs_cld17_summary_confidences.json,-9.662,0.40742737937552065,gresonitamab,cld17
0.56,0,0.06,0.49,0.15,9.95,sonesitamab_vs_cld5,/home/ozangocmen/RFantibody/mab_OTR/mab_offtarget_folders/af3_outputs/sonesitamab_offtarget_af3_output/sonesitamab_vs_CLD5/sonesitamab_vs_cld5/sonesitamab_vs_cld5_summary_confidences.json,-10.765,0.4026729781149403,sonesitamab,cld5
0.58,0,0.08,0.52,0.185,10.0,garetatug_vs_cld19,/home/ozangocmen/RFantibody/mab_OTR/mab_offtarget_folders/af3_outputs/garetatug_offtarget_af3_output/garetatug_vs_CLD19/garetatug_vs_cld19/garetatug_vs_cld19_summary_confidences.json,-10.312,0.4003904803789727,garetatug,cld19
0.59,0,0.06,0.52,0.21500000000000002,9.41,osemitamab_vs_cld22,/home/ozangocmen/RFantibody/mab_OTR/mab_offtarget_folders/af3_outputs/osemitamab_offtarget_af3_output/osemitamab_vs_CLD22/osemitamab_vs_cld22/osemitamab_vs_cld22_summary_confidences.json,-9.621,0.40011148719570305,osemitamab,cld22
0.56,0,0.09,0.5,0.175,11.13,osemitamab_vs_cld2,/home/ozangocmen/RFantibody/mab_OTR/mab_offtarget_folders/af3_outputs/osemitamab_offtarget_af3_output/osemitamab_vs_CLD2/osemitamab_vs_cld2/osemitamab_vs_cld2_summary_confidences.json,-12.491,0.3996790796640086,osemitamab,cld2
0.59,0,0.07,0.52,0.235,10.16,zolbetuximab_vs_cld6,/home/ozangocmen/RFantibody/mab_OTR/mab_offtarget_folders/af3_outputs/zolbetuximab_offtarget_af3_output/zolbetuximab_vs_CLD6/zolbetuximab_vs_cld6/zolbetuximab_vs_cld6_summary_confidences.json,-9.955,0.399244187176625,zolbetuximab,cld6
0.55,0,0.14,0.52,0.20500000000000002,11.29,gresonitamab_vs_cld18_2,/home/ozangocmen/RFantibody/mab_OTR/mab_offtarget_folders/af3_outputs/gresonitamab_offtarget_af3_output/gresonitamab_vs_CLD18_2/gresonitamab_vs_cld18_2/gresonitamab_vs_cld18_2_summary_confidences.json,-11.82,0.39829390946385107,gresonitamab,cld18_2
0.52,0,0.12,0.48,0.135,10.55,zolbetuximab_vs_cld18,/home/ozangocmen/RFantibody/mab_OTR/mab_offtarget_folders/af3_outputs/zolbetuximab_offtarget_af3_output/zolbetuximab_vs_CLD18/zolbetuximab_vs_cld18/zolbetuximab_vs_cld18_summary_confidences.json,-12.147,0.39748330192780756,zolbetuximab,cld18
0.58,0,0.06,0.51,0.19,8.34,osemitamab_vs_cld5,/home/ozangocmen/RFantibody/mab_OTR/mab_offtarget_folders/af3_outputs/osemitamab_offtarget_af3_output/osemitamab_vs_CLD5/osemitamab_vs_cld5/osemitamab_vs_cld5_summary_confidences.json,-9.119,0.3971430212556347,osemitamab,cld5
0.55,0,0.08,0.48,0.13,10.13,sonesitamab_vs_cld25,/home/ozangocmen/RFantibody/mab_OTR/mab_offtarget_folders/af3_outputs/sonesitamab_offtarget_af3_output/sonesitamab_vs_CLD25/sonesitamab_vs_cld25/sonesitamab_vs_cld25_summary_confidences.json,-11.097,0.39643852742677527,sonesitamab,cld25
0.56,0,0.08,0.5,0.16999999999999998,10.43,ixotatug_vs_cld19,/home/ozangocmen/RFantibody/mab_OTR/mab_offtarget_folders/af3_outputs/ixotatug_offtarget_af3_output/ixotatug_vs_CLD19/ixotatug_vs_cld19/ixotatug_vs_cld19_summary_confidences.json,-10.853,0.3961911667543137,ixotatug,cld19
0.57,0,0.07,0.5,0.17,8.91,osemitamab_vs_cld17,/home/ozangocmen/RFantibody/mab_OTR/mab_offtarget_folders/af3_outputs/osemitamab_offtarget_af3_output/osemitamab_vs_CLD17/osemitamab_vs_cld17/osemitamab_vs_cld17_summary_confidences.json,-9.57,0.39504793664435334,osemitamab,cld17
0.55,0,0.09,0.48,0.135,10.97,garetatug_vs_cld10,/home/ozangocmen/RFantibody/mab_OTR/mab_offtarget_folders/af3_outputs/garetatug_offtarget_af3_output/garetatug_vs_CLD10/garetatug_vs_cld10/garetatug_vs_cld10_summary_confidences.json,-13.867,0.3938763049149703,garetatug,cld10
0.55,0,0.09,0.49,0.15000000000000002,10.98,zolbetuximab_vs_cld10,/home/ozangocmen/RFantibody/mab_OTR/mab_offtarget_folders/af3_outputs/zolbetuximab_offtarget_af3_output/zolbetuximab_vs_CLD10/zolbetuximab_vs_cld10/zolbetuximab_vs_cld10_summary_confidences.json,-12.417,0.3934864773510841,zolbetuximab,cld10
0.57,0,0.07,0.49,0.15,10.59,garetatug_vs_cld20,/home/ozangocmen/RFantibody/mab_OTR/mab_offtarget_folders/af3_outputs/garetatug_offtarget_af3_output/garetatug_vs_CLD20/garetatug_vs_cld20/garetatug_vs_cld20_summary_confidences.json,-11.221,0.3928870256319383,garetatug,cld20
0.57,0,0.05,0.49,0.155,7.57,ixotatug_vs_cld11,/home/ozangocmen/RFantibody/mab_OTR/mab_offtarget_folders/af3_outputs/ixotatug_offtarget_af3_output/ixotatug_vs_CLD11/ixotatug_vs_cld11/ixotatug_vs_cld11_summary_confidences.json,-8.848,0.3927325342207624,ixotatug,cld11
0.57,0,0.07,0.5,0.155,10.49,tecotabart_vs_cld20,/home/ozangocmen/RFantibody/mab_OTR/mab_offtarget_folders/af3_outputs/tecotabart_offtarget_af3_output/tecotabart_vs_CLD20/tecotabart_vs_cld20/tecotabart_vs_cld20_summary_confidences.json,-10.946,0.39168102820755957,tecotabart,cld20
0.57,0,0.08,0.51,0.20500000000000002,11.87,eclutatug_vs_cld2,/home/ozangocmen/RFantibody/mab_OTR/mab_offtarget_folders/af3_outputs/eclutatug_offtarget_af3_output/eclutatug_vs_CLD2/eclutatug_vs_cld2/eclutatug_vs_cld2_summary_confidences.json,-13.362,0.3904947898890311,eclutatug,cld2
0.57,0,0.08,0.51,0.20500000000000002,11.87,lixudebart_vs_cld2,/home/ozangocmen/RFantibody/mab_OTR/mab_offtarget_folders/af3_outputs/lixudebart_offtarget_af3_output/lixudebart_vs_CLD2/lixudebart_vs_cld2/lixudebart_vs_cld2_summary_confidences.json,-13.362,0.3904947898890311,lixudebart,cld2
0.59,0,0.05,0.51,0.16999999999999998,11.04,garetatug_vs_cld4,/home/ozangocmen/RFantibody/mab_OTR/mab_offtarget_folders/af3_outputs/garetatug_offtarget_af3_output/garetatug_vs_CLD4/garetatug_vs_cld4/garetatug_vs_cld4_summary_confidences.json,-11.384,0.3901854788520326,garetatug,cld4
0.56,0,0.09,0.5,0.155,11.13,zolbetuximab_vs_cld15,/home/ozangocmen/RFantibody/mab_OTR/mab_offtarget_folders/af3_outputs/zolbetuximab_offtarget_af3_output/zolbetuximab_vs_CLD15/zolbetuximab_vs_cld15/zolbetuximab_vs_cld15_summary_confidences.json,-12.1,0.388294614836157,zolbetuximab,cld15
0.56,0,0.06,0.48,0.16,10.57,sonesitamab_vs_cld22,/home/ozangocmen/RFantibody/mab_OTR/mab_offtarget_folders/af3_outputs/sonesitamab_offtarget_af3_output/sonesitamab_vs_CLD22/sonesitamab_vs_cld22/sonesitamab_vs_cld22_summary_confidences.json,-10.846,0.38698562176308227,sonesitamab,cld22
0.57,0,0.08,0.51,0.21,11.86,eclutatug_vs_cld19,/home/ozangocmen/RFantibody/mab_OTR/mab_offtarget_folders/af3_outputs/eclutatug_offtarget_af3_output/eclutatug_vs_CLD19/eclutatug_vs_cld19/eclutatug_vs_cld19_summary_confidences.json,-11.851,0.3823425877604192,eclutatug,cld19
0.57,0,0.08,0.51,0.21,11.86,lixudebart_vs_cld19,/home/ozangocmen/RFantibody/mab_OTR/mab_offtarget_folders/af3_outputs/lixudebart_offtarget_af3_output/lixudebart_vs_CLD19/lixudebart_vs_cld19/lixudebart_vs_cld19_summary_confidences.json,-11.851,0.3823425877604192,lixudebart,cld19
0.55,0,0.06,0.47,0.135,10.59,garetatug_vs_cld22,/home/ozangocmen/RFantibody/mab_OTR/mab_offtarget_folders/af3_outputs/garetatug_offtarget_af3_output/garetatug_vs_CLD22/garetatug_vs_cld22/garetatug_vs_cld22_summary_confidences.json,-11.097,0.38200995599820387,garetatug,cld22
0.58,0,0.09,0.52,0.20500000000000002,8.76,omectatug_vs_cld15,/home/ozangocmen/RFantibody/mab_OTR/mab_offtarget_folders/af3_outputs/omectatug_offtarget_af3_output/omectatug_vs_CLD15/omectatug_vs_cld15/omectatug_vs_cld15_summary_confidences.json,-9.019,0.38190174999161697,omectatug,cld15
0.54,0,0.09,0.48,0.14,10.52,zolbetuximab_vs_cld2,/home/ozangocmen/RFantibody/mab_OTR/mab_offtarget_folders/af3_outputs/zolbetuximab_offtarget_af3_output/zolbetuximab_vs_CLD2/zolbetuximab_vs_cld2/zolbetuximab_vs_cld2_summary_confidences.json,-10.868,0.379413815644339,zolbetuximab,cld2
0.53,0,0.12,0.49,0.19,11.52,osemitamab_vs_cld18,/home/ozangocmen/RFantibody/mab_OTR/mab_offtarget_folders/af3_outputs/osemitamab_offtarget_af3_output/osemitamab_vs_CLD18/osemitamab_vs_cld18/osemitamab_vs_cld18_summary_confidences.json,-11.623,0.37922466503936125,osemitamab,cld18
0.56,0,0.14,0.53,0.22,9.9,osemitamab_vs_cld18_2,/home/ozangocmen/RFantibody/mab_OTR/mab_offtarget_folders/af3_outputs/osemitamab_offtarget_af3_output/osemitamab_vs_CLD18_2/osemitamab_vs_cld18_2/osemitamab_vs_cld18_2_summary_confidences.json,-9.558,0.3779974131757472,osemitamab,cld18_2
0.57,0,0.05,0.48,0.14,9.04,garetatug_vs_cld11,/home/ozangocmen/RFantibody/mab_OTR/mab_offtarget_folders/af3_outputs/garetatug_offtarget_af3_output/garetatug_vs_CLD11/garetatug_vs_cld11/garetatug_vs_cld11_summary_confidences.json,-9.558,0.377711698890033,garetatug,cld11
0.55,0,0.07,0.48,0.15000000000000002,11.36,lixudebart_vs_cld17,/home/ozangocmen/RFantibody/mab_OTR/mab_offtarget_folders/af3_outputs/lixudebart_offtarget_af3_output/lixudebart_vs_CLD17/lixudebart_vs_cld17/lixudebart_vs_cld17_summary_confidences.json,-12.024,0.3762688092312727,lixudebart,cld17
0.55,0,0.07,0.48,0.15000000000000002,11.36,eclutatug_vs_cld17,/home/ozangocmen/RFantibody/mab_OTR/mab_offtarget_folders/af3_outputs/eclutatug_offtarget_af3_output/eclutatug_vs_CLD17/eclutatug_vs_cld17/eclutatug_vs_cld17_summary_confidences.json,-12.024,0.3762688092312727,eclutatug,cld17
0.58,0,0.07,0.51,0.165,10.42,garetatug_vs_cld9,/home/ozangocmen/RFantibody/mab_OTR/mab_offtarget_folders/af3_outputs/garetatug_offtarget_af3_output/garetatug_vs_CLD9/garetatug_vs_cld9/garetatug_vs_cld9_summary_confidences.json,-10.255,0.37496961765974657,garetatug,cld9
0.57,0,0.07,0.5,0.17,12.38,gresonitamab_vs_cld20,/home/ozangocmen/RFantibody/mab_OTR/mab_offtarget_folders/af3_outputs/gresonitamab_offtarget_af3_output/gresonitamab_vs_CLD20/gresonitamab_vs_cld20/gresonitamab_vs_cld20_summary_confidences.json,-14.73,0.37419085803804075,gresonitamab,cld20
0.56,0,0.09,0.5,0.17,10.43,sonesitamab_vs_cld16,/home/ozangocmen/RFantibody/mab_OTR/mab_offtarget_folders/af3_outputs/sonesitamab_offtarget_af3_output/sonesitamab_vs_CLD16/sonesitamab_vs_cld16/sonesitamab_vs_cld16_summary_confidences.json,-10.243,0.37409287256233636,sonesitamab,cld16
0.55,0,0.09,0.5,0.195,14.36,eclutatug_vs_cld16,/home/ozangocmen/RFantibody/mab_OTR/mab_offtarget_folders/af3_outputs/eclutatug_offtarget_af3_output/eclutatug_vs_CLD16/eclutatug_vs_cld16/eclutatug_vs_cld16_summary_confidences.json,-12.283,0.3739602459661687,eclutatug,cld16
0.55,0,0.09,0.5,0.195,14.36,lixudebart_vs_cld16,/home/ozangocmen/RFantibody/mab_OTR/mab_offtarget_folders/af3_outputs/lixudebart_offtarget_af3_output/lixudebart_vs_CLD16/lixudebart_vs_cld16/lixudebart_vs_cld16_summary_confidences.json,-12.283,0.3739602459661687,lixudebart,cld16
0.52,0,0.13,0.49,0.16499999999999998,10.28,ixotatug_vs_cld18_2,/home/ozangocmen/RFantibody/mab_OTR/mab_offtarget_folders/af3_outputs/ixotatug_offtarget_af3_output/ixotatug_vs_CLD18_2/ixotatug_vs_cld18_2/ixotatug_vs_cld18_2_summary_confidences.json,-10.206,0.3718261789363052,ixotatug,cld18_2
0.51,0,0.2,0.51,0.165,8.85,garetatug_vs_cld23,/home/ozangocmen/RFantibody/mab_OTR/mab_offtarget_folders/af3_outputs/garetatug_offtarget_af3_output/garetatug_vs_CLD23/garetatug_vs_cld23/garetatug_vs_cld23_summary_confidences.json,-10.154,0.36956019367192516,garetatug,cld23
0.55,0,0.09,0.49,0.15500000000000003,11.29,gresonitamab_vs_cld10,/home/ozangocmen/RFantibody/mab_OTR/mab_offtarget_folders/af3_outputs/gresonitamab_offtarget_af3_output/gresonitamab_vs_CLD10/gresonitamab_vs_cld10/gresonitamab_vs_cld10_summary_confidences.json,-11.285,0.3692639185730914,gresonitamab,cld10
0.56,0,0.09,0.5,0.155,12.92,sonesitamab_vs_cld15,/home/ozangocmen/RFantibody/mab_OTR/mab_offtarget_folders/af3_outputs/sonesitamab_offtarget_af3_output/sonesitamab_vs_CLD15/sonesitamab_vs_cld15/sonesitamab_vs_cld15_summary_confidences.json,-15.69,0.367689565264918,sonesitamab,cld15
0.57,0,0.09,0.53,0.2,12.18,gresonitamab_vs_cld16,/home/ozangocmen/RFantibody/mab_OTR/mab_offtarget_folders/af3_outputs/gresonitamab_offtarget_af3_output/gresonitamab_vs_CLD16/gresonitamab_vs_cld16/gresonitamab_vs_cld16_summary_confidences.json,-11.406,0.3663209226808273,gresonitamab,cld16
0.57,0,0.03,0.48,0.16,12.54,sonesitamab_vs_cld34,/home/ozangocmen/RFantibody/mab_OTR/mab_offtarget_folders/af3_outputs/sonesitamab_offtarget_af3_output/sonesitamab_vs_CLD34/sonesitamab_vs_cld34/sonesitamab_vs_cld34_summary_confidences.json,-12.865,0.3658668746982964,sonesitamab,cld34
0.53,0,0.12,0.48,0.14,10.77,sonesitamab_vs_cld18_2,/home/ozangocmen/RFantibody/mab_OTR/mab_offtarget_folders/af3_outputs/sonesitamab_offtarget_af3_output/sonesitamab_vs_CLD18_2/sonesitamab_vs_cld18_2/sonesitamab_vs_cld18_2_summary_confidences.json,-10.664,0.36312212767211527,sonesitamab,cld18_2
0.55,0,0.11,0.5,0.16,12.12,sonesitamab_vs_cld14,/home/ozangocmen/RFantibody/mab_OTR/mab_offtarget_folders/af3_outputs/sonesitamab_offtarget_af3_output/sonesitamab_vs_CLD14/sonesitamab_vs_cld14/sonesitamab_vs_cld14_summary_confidences.json,-12.683,0.3628673651156815,sonesitamab,cld14
0.57,0,0.07,0.5,0.16,10.05,osemitamab_vs_cld8,/home/ozangocmen/RFantibody/mab_OTR/mab_offtarget_folders/af3_outputs/osemitamab_offtarget_af3_output/osemitamab_vs_CLD8/osemitamab_vs_cld8/osemitamab_vs_cld8_summary_confidences.json,-9.779,0.3620089949016534,osemitamab,cld8
0.52,0,0.12,0.48,0.14,11.81,sonesitamab_vs_cld18,/home/ozangocmen/RFantibody/mab_OTR/mab_offtarget_folders/af3_outputs/sonesitamab_offtarget_af3_output/sonesitamab_vs_CLD18/sonesitamab_vs_cld18/sonesitamab_vs_cld18_summary_confidences.json,-13.359,0.3616283081054653,sonesitamab,cld18
0.55,0,0.05,0.47,0.12,11.51,ixotatug_vs_cld7,/home/ozangocmen/RFantibody/mab_OTR/mab_offtarget_folders/af3_outputs/ixotatug_offtarget_af3_output/ixotatug_vs_CLD7/ixotatug_vs_cld7/ixotatug_vs_cld7_summary_confidences.json,-12.123,0.35995789137401496,ixotatug,cld7
0.55,0,0.07,0.48,0.15000000000000002,9.37,ixotatug_vs_cld17,/home/ozangocmen/RFantibody/mab_OTR/mab_offtarget_folders/af3_outputs/ixotatug_offtarget_af3_output/ixotatug_vs_CLD17/ixotatug_vs_cld17/ixotatug_vs_cld17_summary_confidences.json,-9.394,0.35823988289715314,ixotatug,cld17
0.57,0,0.05,0.49,0.14,13.36,tecotabart_vs_cld11,/home/ozangocmen/RFantibody/mab_OTR/mab_offtarget_folders/af3_outputs/tecotabart_offtarget_af3_output/tecotabart_vs_CLD11/tecotabart_vs_cld11/tecotabart_vs_cld11_summary_confidences.json,-12.843,0.35775509002349754,tecotabart,cld11
0.53,0,0.12,0.49,0.15,10.16,tecotabart_vs_cld18_2,/home/ozangocmen/RFantibody/mab_OTR/mab_offtarget_folders/af3_outputs/tecotabart_offtarget_af3_output/tecotabart_vs_CLD18_2/tecotabart_vs_cld18_2/tecotabart_vs_cld18_2_summary_confidences.json,-9.855,0.3541180241181359,tecotabart,cld18_2
0.55,0,0.09,0.49,0.135,10.63,omectatug_vs_cld10,/home/ozangocmen/RFantibody/mab_OTR/mab_offtarget_folders/af3_outputs/omectatug_offtarget_af3_output/omectatug_vs_CLD10/omectatug_vs_cld10/omectatug_vs_cld10_summary_confidences.json,-10.281,0.3535835590453487,omectatug,cld10
0.58,0,0.08,0.53,0.215,8.33,gresonitamab_vs_cld19,/home/ozangocmen/RFantibody/mab_OTR/mab_offtarget_folders/af3_outputs/gresonitamab_offtarget_af3_output/gresonitamab_vs_CLD19/gresonitamab_vs_cld19/gresonitamab_vs_cld19_summary_confidences.json,-8.184,0.3517247805573046,gresonitamab,cld19
0.57,0,0.06,0.5,0.22999999999999998,12.17,ixotatug_vs_cld22,/home/ozangocmen/RFantibody/mab_OTR/mab_offtarget_folders/af3_outputs/ixotatug_offtarget_af3_output/ixotatug_vs_CLD22/ixotatug_vs_cld22/ixotatug_vs_cld22_summary_confidences.json,-10.427,0.35060836265130985,ixotatug,cld22
0.57,0,0.07,0.5,0.155,11.16,zolbetuximab_vs_cld20,/home/ozangocmen/RFantibody/mab_OTR/mab_offtarget_folders/af3_outputs/zolbetuximab_offtarget_af3_output/zolbetuximab_vs_CLD20/zolbetuximab_vs_cld20/zolbetuximab_vs_cld20_summary_confidences.json,-10.407,0.34982308340879986,zolbetuximab,cld20
0.54,0,0.06,0.47,0.15500000000000003,16.28,eclutatug_vs_cld22,/home/ozangocmen/RFantibody/mab_OTR/mab_offtarget_folders/af3_outputs/eclutatug_offtarget_af3_output/eclutatug_vs_CLD22/eclutatug_vs_cld22/eclutatug_vs_cld22_summary_confidences.json,-11.662,0.3496866907999322,eclutatug,cld22
0.54,0,0.06,0.47,0.15500000000000003,16.28,lixudebart_vs_cld22,/home/ozangocmen/RFantibody/mab_OTR/mab_offtarget_folders/af3_outputs/lixudebart_offtarget_af3_output/lixudebart_vs_CLD22/lixudebart_vs_cld22/lixudebart_vs_cld22_summary_confidences.json,-11.662,0.3496866907999322,lixudebart,cld22
0.57,0,0.05,0.49,0.14500000000000002,14.02,zolbetuximab_vs_cld7,/home/ozangocmen/RFantibody/mab_OTR/mab_offtarget_folders/af3_outputs/zolbetuximab_offtarget_af3_output/zolbetuximab_vs_CLD7/zolbetuximab_vs_cld7/zolbetuximab_vs_cld7_summary_confidences.json,-11.694,0.3491679169822929,zolbetuximab,cld7
0.56,0,0.05,0.48,0.13,11.72,tecotabart_vs_cld1,/home/ozangocmen/RFantibody/mab_OTR/mab_offtarget_folders/af3_outputs/tecotabart_offtarget_af3_output/tecotabart_vs_CLD1/tecotabart_vs_cld1/tecotabart_vs_cld1_summary_confidences.json,-11.408,0.34735882819421526,tecotabart,cld1
0.54,0,0.11,0.49,0.165,11.79,ixotatug_vs_cld14,/home/ozangocmen/RFantibody/mab_OTR/mab_offtarget_folders/af3_outputs/ixotatug_offtarget_af3_output/ixotatug_vs_CLD14/ixotatug_vs_cld14/ixotatug_vs_cld14_summary_confidences.json,-10.939,0.3460605604698107,ixotatug,cld14
0.53,0,0.11,0.48,0.165,14.98,lixudebart_vs_cld14,/home/ozangocmen/RFantibody/mab_OTR/mab_offtarget_folders/af3_outputs/lixudebart_offtarget_af3_output/lixudebart_vs_CLD14/lixudebart_vs_cld14/lixudebart_vs_cld14_summary_confidences.json,-11.28,0.34580176172071075,lixudebart,cld14
0.53,0,0.11,0.48,0.165,14.98,eclutatug_vs_cld14,/home/ozangocmen/RFantibody/mab_OTR/mab_offtarget_folders/af3_outputs/eclutatug_offtarget_af3_output/eclutatug_vs_CLD14/eclutatug_vs_cld14/eclutatug_vs_cld14_summary_confidences.json,-11.28,0.34580176172071075,eclutatug,cld14
0.55,0,0.09,0.48,0.135,12.32,sonesitamab_vs_cld10,/home/ozangocmen/RFantibody/mab_OTR/mab_offtarget_folders/af3_outputs/sonesitamab_offtarget_af3_output/sonesitamab_vs_CLD10/sonesitamab_vs_cld10/sonesitamab_vs_cld10_summary_confidences.json,-11.688,0.343078706734756,sonesitamab,cld10
0.55,0,0.07,0.48,0.12,11.79,tecotabart_vs_cld9,/home/ozangocmen/RFantibody/mab_OTR/mab_offtarget_folders/af3_outputs/tecotabart_offtarget_af3_output/tecotabart_vs_CLD9/tecotabart_vs_cld9/tecotabart_vs_cld9_summary_confidences.json,-11.456,0.34074977837880027,tecotabart,cld9
0.55,0,0.07,0.48,0.13,11.92,sonesitamab_vs_cld20,/home/ozangocmen/RFantibody/mab_OTR/mab_offtarget_folders/af3_outputs/sonesitamab_offtarget_af3_output/sonesitamab_vs_CLD20/sonesitamab_vs_cld20/sonesitamab_vs_cld20_summary_confidences.json,-11.448,0.33996091075957713,sonesitamab,cld20
0.53,0,0.06,0.46,0.14500000000000002,17.95,eclutatug_vs_cld24,/home/ozangocmen/RFantibody/mab_OTR/mab_offtarget_folders/af3_outputs/eclutatug_offtarget_af3_output/eclutatug_vs_CLD24/eclutatug_vs_cld24/eclutatug_vs_cld24_summary_confidences.json,-11.313,0.3384869964403643,eclutatug,cld24
0.53,0,0.06,0.46,0.14500000000000002,17.95,lixudebart_vs_cld24,/home/ozangocmen/RFantibody/mab_OTR/mab_offtarget_folders/af3_outputs/lixudebart_offtarget_af3_output/lixudebart_vs_CLD24/lixudebart_vs_cld24/lixudebart_vs_cld24_summary_confidences.json,-11.313,0.3384869964403643,lixudebart,cld24
0.61,0,0.08,0.55,0.265,9.05,osemitamab_vs_cld25,/home/ozangocmen/RFantibody/mab_OTR/mab_offtarget_folders/af3_outputs/osemitamab_offtarget_af3_output/osemitamab_vs_CLD25/osemitamab_vs_cld25/osemitamab_vs_cld25_summary_confidences.json,-7.939,0.336636742802452,osemitamab,cld25
0.53,0,0.08,0.47,0.14,16.16,eclutatug_vs_cld25,/home/ozangocmen/RFantibody/mab_OTR/mab_offtarget_folders/af3_outputs/eclutatug_offtarget_af3_output/eclutatug_vs_CLD25/eclutatug_vs_cld25/eclutatug_vs_cld25_summary_confidences.json,-11.224,0.33459602784254716,eclutatug,cld25
0.53,0,0.08,0.47,0.14,16.16,lixudebart_vs_cld25,/home/ozangocmen/RFantibody/mab_OTR/mab_offtarget_folders/af3_outputs/lixudebart_offtarget_af3_output/lixudebart_vs_CLD25/lixudebart_vs_cld25/lixudebart_vs_cld25_summary_confidences.json,-11.224,0.33459602784254716,lixudebart,cld25
0.54,0,0.08,0.47,0.15000000000000002,12.7,garetatug_vs_cld12,/home/ozangocmen/RFantibody/mab_OTR/mab_offtarget_folders/af3_outputs/garetatug_offtarget_af3_output/garetatug_vs_CLD12/garetatug_vs_cld12/garetatug_vs_cld12_summary_confidences.json,-10.997,0.3341204343039138,garetatug,cld12
0.55,0,0.09,0.49,0.14,11.73,omectatug_vs_cld16,/home/ozangocmen/RFantibody/mab_OTR/mab_offtarget_folders/af3_outputs/omectatug_offtarget_af3_output/omectatug_vs_CLD16/omectatug_vs_cld16/omectatug_vs_cld16_summary_confidences.json,-10.697,0.3319284849901513,omectatug,cld16
0.55,0,0.09,0.5,0.16999999999999998,11.52,eclutatug_vs_cld10,/home/ozangocmen/RFantibody/mab_OTR/mab_offtarget_folders/af3_outputs/eclutatug_offtarget_af3_output/eclutatug_vs_CLD10/eclutatug_vs_cld10/eclutatug_vs_cld10_summary_confidences.json,-10.154,0.3302030508147823,eclutatug,cld10
0.55,0,0.09,0.5,0.16999999999999998,11.52,lixudebart_vs_cld10,/home/ozangocmen/RFantibody/mab_OTR/mab_offtarget_folders/af3_outputs/lixudebart_offtarget_af3_output/lixudebart_vs_CLD10/lixudebart_vs_cld10/lixudebart_vs_cld10_summary_confidences.json,-10.154,0.3302030508147823,lixudebart,cld10
0.56,0,0.06,0.48,0.15500000000000003,12.33,zolbetuximab_vs_cld22,/home/ozangocmen/RFantibody/mab_OTR/mab_offtarget_folders/af3_outputs/zolbetuximab_offtarget_af3_output/zolbetuximab_vs_CLD22/zolbetuximab_vs_cld22/zolbetuximab_vs_cld22_summary_confidences.json,-10.72,0.33003220908583525,zolbetuximab,cld22
0.55,0,0.09,0.5,0.18,11.44,tecotabart_vs_cld16,/home/ozangocmen/RFantibody/mab_OTR/mab_offtarget_folders/af3_outputs/tecotabart_offtarget_af3_output/tecotabart_vs_CLD16/tecotabart_vs_cld16/tecotabart_vs_cld16_summary_confidences.json,-9.957,0.32763018831790547,tecotabart,cld16
0.56,0,0.08,0.5,0.15,11.22,garetatug_vs_cld25,/home/ozangocmen/RFantibody/mab_OTR/mab_offtarget_folders/af3_outputs/garetatug_offtarget_af3_output/garetatug_vs_CLD25/garetatug_vs_cld25/garetatug_vs_cld25_summary_confidences.json,-9.997,0.32647422638959234,garetatug,cld25
0.57,0,0.09,0.51,0.18,12.51,osemitamab_vs_cld16,/home/ozangocmen/RFantibody/mab_OTR/mab_offtarget_folders/af3_outputs/osemitamab_offtarget_af3_output/osemitamab_vs_CLD16/osemitamab_vs_cld16/osemitamab_vs_cld16_summary_confidences.json,-10.314,0.32604543270760966,osemitamab,cld16
0.56,0,0.07,0.5,0.155,9.51,gresonitamab_vs_cld9,/home/ozangocmen/RFantibody/mab_OTR/mab_offtarget_folders/af3_outputs/gresonitamab_offtarget_af3_output/gresonitamab_vs_CLD9/gresonitamab_vs_cld9/gresonitamab_vs_cld9_summary_confidences.json,-8.876,0.3241884865167442,gresonitamab,cld9
0.54,0,0.07,0.47,0.125,8.94,ixotatug_vs_cld8,/home/ozangocmen/RFantibody/mab_OTR/mab_offtarget_folders/af3_outputs/ixotatug_offtarget_af3_output/ixotatug_vs_CLD8/ixotatug_vs_cld8/ixotatug_vs_cld8_summary_confidences.json,-8.764,0.32360379479629514,ixotatug,cld8
0.54,0,0.12,0.5,0.16999999999999998,8.75,garetatug_vs_cld18,/home/ozangocmen/RFantibody/mab_OTR/mab_offtarget_folders/af3_outputs/garetatug_offtarget_af3_output/garetatug_vs_CLD18/garetatug_vs_cld18/garetatug_vs_cld18_summary_confidences.json,-8.272,0.31947987032081904,garetatug,cld18
0.54,0,0.09,0.48,0.12,12.9,tecotabart_vs_cld15,/home/ozangocmen/RFantibody/mab_OTR/mab_offtarget_folders/af3_outputs/tecotabart_offtarget_af3_output/tecotabart_vs_CLD15/tecotabart_vs_cld15/tecotabart_vs_cld15_summary_confidences.json,-10.743,0.3147669301144151,tecotabart,cld15
0.5,0,0.08,0.44,0.15,15.49,lixudebart_vs_cld12,/home/ozangocmen/RFantibody/mab_OTR/mab_offtarget_folders/af3_outputs/lixudebart_offtarget_af3_output/lixudebart_vs_CLD12/lixudebart_vs_cld12/lixudebart_vs_cld12_summary_confidences.json,-10.461,0.3129213936331781,lixudebart,cld12
0.5,0,0.08,0.44,0.15,15.49,eclutatug_vs_cld12,/home/ozangocmen/RFantibody/mab_OTR/mab_offtarget_folders/af3_outputs/eclutatug_offtarget_af3_output/eclutatug_vs_CLD12/eclutatug_vs_cld12/eclutatug_vs_cld12_summary_confidences.json,-10.461,0.3129213936331781,eclutatug,cld12
0.53,0,0.09,0.47,0.14,10.71,ixotatug_vs_cld16,/home/ozangocmen/RFantibody/mab_OTR/mab_offtarget_folders/af3_outputs/ixotatug_offtarget_af3_output/ixotatug_vs_CLD16/ixotatug_vs_cld16/ixotatug_vs_cld16_summary_confidences.json,-9.533,0.31261706410162593,ixotatug,cld16
0.55,0,0.06,0.47,0.125,13.12,zolbetuximab_vs_cld24,/home/ozangocmen/RFantibody/mab_OTR/mab_offtarget_folders/af3_outputs/zolbetuximab_offtarget_af3_output/zolbetuximab_vs_CLD24/zolbetuximab_vs_cld24/zolbetuximab_vs_cld24_summary_confidences.json,-10.578,0.31223027067126496,zolbetuximab,cld24
0.57,0,0.05,0.49,0.15,10.09,gresonitamab_vs_cld11,/home/ozangocmen/RFantibody/mab_OTR/mab_offtarget_folders/af3_outputs/gresonitamab_offtarget_af3_output/gresonitamab_vs_CLD11/gresonitamab_vs_cld11/gresonitamab_vs_cld11_summary_confidences.json,-9.031,0.312151630567737,gresonitamab,cld11
0.53,0,0.08,0.46,0.13,16.95,tecotabart_vs_cld12,/home/ozangocmen/RFantibody/mab_OTR/mab_offtarget_folders/af3_outputs/tecotabart_offtarget_af3_output/tecotabart_vs_CLD12/tecotabart_vs_cld12/tecotabart_vs_cld12_summary_confidences.json,-10.565,0.3117674125259653,tecotabart,cld12
0.54,0,0.08,0.48,0.14500000000000002,12.51,gresonitamab_vs_cld2,/home/ozangocmen/RFantibody/mab_OTR/mab_offtarget_folders/af3_outputs/gresonitamab_offtarget_af3_output/gresonitamab_vs_CLD2/gresonitamab_vs_cld2/gresonitamab_vs_cld2_summary_confidences.json,-10.343,0.3102457143635545,gresonitamab,cld2
0.56,0,0.06,0.49,0.15,11.5,gresonitamab_vs_cld5,/home/ozangocmen/RFantibody/mab_OTR/mab_offtarget_folders/af3_outputs/gresonitamab_offtarget_af3_output/gresonitamab_vs_CLD5/gresonitamab_vs_cld5/gresonitamab_vs_cld5_summary_confidences.json,-9.815,0.30715063018863037,gresonitamab,cld5
0.54,0,0.08,0.47,0.15500000000000003,12.57,osemitamab_vs_cld12,/home/ozangocmen/RFantibody/mab_OTR/mab_offtarget_folders/af3_outputs/osemitamab_offtarget_af3_output/osemitamab_vs_CLD12/osemitamab_vs_cld12/osemitamab_vs_cld12_summary_confidences.json,-9.937,0.29562331831878474,osemitamab,cld12
0.52,0,0.14,0.49,0.135,11.41,tecotabart_vs_cld18,/home/ozangocmen/RFantibody/mab_OTR/mab_offtarget_folders/af3_outputs/tecotabart_offtarget_af3_output/tecotabart_vs_CLD18/tecotabart_vs_cld18/tecotabart_vs_cld18_summary_confidences.json,-9.616,0.2893984948892121,tecotabart,cld18
0.55,0,0.07,0.48,0.13,10.48,ixotatug_vs_cld9,/home/ozangocmen/RFantibody/mab_OTR/mab_offtarget_folders/af3_outputs/ixotatug_offtarget_af3_output/ixotatug_vs_CLD9/ixotatug_vs_cld9/ixotatug_vs_cld9_summary_confidences.json,-9.019,0.28747317856304555,ixotatug,cld9
0.6,0,0.03,0.52,0.235,9.83,eclutatug_vs_cld34,/home/ozangocmen/RFantibody/mab_OTR/mab_offtarget_folders/af3_outputs/eclutatug_offtarget_af3_output/eclutatug_vs_CLD34/eclutatug_vs_cld34/eclutatug_vs_cld34_summary_confidences.json,-7.718,0.28580249291271714,eclutatug,cld34
0.6,0,0.03,0.52,0.235,9.83,lixudebart_vs_cld34,/home/ozangocmen/RFantibody/mab_OTR/mab_offtarget_folders/af3_outputs/lixudebart_offtarget_af3_output/lixudebart_vs_CLD34/lixudebart_vs_cld34/lixudebart_vs_cld34_summary_confidences.json,-7.718,0.28580249291271714,lixudebart,cld34
0.57,0,0.05,0.49,0.14500000000000002,10.05,gresonitamab_vs_cld4,/home/ozangocmen/RFantibody/mab_OTR/mab_offtarget_folders/af3_outputs/gresonitamab_offtarget_af3_output/gresonitamab_vs_CLD4/gresonitamab_vs_cld4/gresonitamab_vs_cld4_summary_confidences.json,-8.598,0.28485083548799284,gresonitamab,cld4
0.6,0,0.05,0.52,0.22499999999999998,10.43,eclutatug_vs_cld11,/home/ozangocmen/RFantibody/mab_OTR/mab_offtarget_folders/af3_outputs/eclutatug_offtarget_af3_output/eclutatug_vs_CLD11/eclutatug_vs_cld11/eclutatug_vs_cld11_summary_confidences.json,-8.076,0.27710732063923116,eclutatug,cld11
0.6,0,0.05,0.52,0.22499999999999998,10.43,lixudebart_vs_cld11,/home/ozangocmen/RFantibody/mab_OTR/mab_offtarget_folders/af3_outputs/lixudebart_offtarget_af3_output/lixudebart_vs_CLD11/lixudebart_vs_cld11/lixudebart_vs_cld11_summary_confidences.json,-8.076,0.27710732063923116,lixudebart,cld11
0.53,0,0.14,0.49,0.14,10.58,zolbetuximab_vs_cld18_2,/home/ozangocmen/RFantibody/mab_OTR/mab_offtarget_folders/af3_outputs/zolbetuximab_offtarget_af3_output/zolbetuximab_vs_CLD18_2/zolbetuximab_vs_cld18_2/zolbetixumab_vs_cld18_2_summary_confidences.json,-8.809,0.272812944802833,zolbetuximab,cld18_2
0.54,0,0.07,0.47,0.125,10.99,eclutatug_vs_cld20,/home/ozangocmen/RFantibody/mab_OTR/mab_offtarget_folders/af3_outputs/eclutatug_offtarget_af3_output/eclutatug_vs_CLD20/eclutatug_vs_cld20/eclutatug_vs_cld20_summary_confidences.json,-9.094,0.2709421064320974,eclutatug,cld20
0.54,0,0.07,0.47,0.125,10.99,lixudebart_vs_cld20,/home/ozangocmen/RFantibody/mab_OTR/mab_offtarget_folders/af3_outputs/lixudebart_offtarget_af3_output/lixudebart_vs_CLD20/lixudebart_vs_cld20/lixudebart_vs_cld20_summary_confidences.json,-9.094,0.2709421064320974,lixudebart,cld20
0.51,0,0.08,0.45,0.155,9.89,ixotatug_vs_cld12,/home/ozangocmen/RFantibody/mab_OTR/mab_offtarget_folders/af3_outputs/ixotatug_offtarget_af3_output/ixotatug_vs_CLD12/ixotatug_vs_cld12/ixotatug_vs_cld12_summary_confidences.json,-8.211,0.2664530001394221,ixotatug,cld12
0.56,0,0.07,0.49,0.14500000000000002,11.33,tecotabart_vs_cld6,/home/ozangocmen/RFantibody/mab_OTR/mab_offtarget_folders/af3_outputs/tecotabart_offtarget_af3_output/tecotabart_vs_CLD6/tecotabart_vs_cld6/tecotabart_vs_cld6_summary_confidences.json,-9.011,0.26361606449636366,tecotabart,cld6
0.55,0,0.08,0.48,0.15000000000000002,15.65,zolbetuximab_vs_cld25,/home/ozangocmen/RFantibody/mab_OTR/mab_offtarget_folders/af3_outputs/zolbetuximab_offtarget_af3_output/zolbetuximab_vs_CLD25/zolbetuximab_vs_cld25/zolbetuximab_vs_cld25_summary_confidences.json,-9.201,0.25252037538261,zolbetuximab,cld25
0.55,0,0.06,0.47,0.135,9.34,ixotatug_vs_cld5,/home/ozangocmen/RFantibody/mab_OTR/mab_offtarget_folders/af3_outputs/ixotatug_offtarget_af3_output/ixotatug_vs_CLD5/ixotatug_vs_cld5/ixotatug_vs_cld5_summary_confidences.json,-7.527,0.2506217642342604,ixotatug,cld5
0.51,0,0.13,0.47,0.13,10.91,lixudebart_vs_cld18,/home/ozangocmen/RFantibody/mab_OTR/mab_offtarget_folders/af3_outputs/lixudebart_offtarget_af3_output/lixudebart_vs_CLD18/lixudebart_vs_cld18/lixudebart_vs_cld18_summary_confidences.json,-8.564,0.24010219663476456,lixudebart,cld18
0.51,0,0.13,0.47,0.13,10.91,eclutatug_vs_cld18,/home/ozangocmen/RFantibody/mab_OTR/mab_offtarget_folders/af3_outputs/eclutatug_offtarget_af3_output/eclutatug_vs_CLD18/eclutatug_vs_cld18/eclutatug_vs_cld18_summary_confidences.json,-8.564,0.24010219663476456,eclutatug,cld18
0.53,0,0.06,0.45,0.11,13.4,eclutatug_vs_cld5,/home/ozangocmen/RFantibody/mab_OTR/mab_offtarget_folders/af3_outputs/eclutatug_offtarget_af3_output/eclutatug_vs_CLD5/eclutatug_vs_cld5/eclutatug_vs_cld5_summary_confidences.json,-9.252,0.23766717691995307,eclutatug,cld5
0.53,0,0.06,0.45,0.11,13.4,lixudebart_vs_cld5,/home/ozangocmen/RFantibody/mab_OTR/mab_offtarget_folders/af3_outputs/lixudebart_offtarget_af3_output/lixudebart_vs_CLD5/lixudebart_vs_cld5/lixudebart_vs_cld5_summary_confidences.json,-9.252,0.23766717691995307,lixudebart,cld5
0.52,0,0.08,0.45,0.11499999999999999,14.09,omectatug_vs_cld12,/home/ozangocmen/RFantibody/mab_OTR/mab_offtarget_folders/af3_outputs/omectatug_offtarget_af3_output/omectatug_vs_CLD12/omectatug_vs_cld12/omectatug_vs_cld12_summary_confidences.json,-9.223,0.23688002762599977,omectatug,cld12
0.5,0,0.13,0.46,0.125,13.63,eclutatug_vs_cld18_2,/home/ozangocmen/RFantibody/mab_OTR/mab_offtarget_folders/af3_outputs/eclutatug_offtarget_af3_output/eclutatug_vs_CLD18_2/eclutatug_vs_cld18_2/eclutatug_vs_cld18_2_summary_confidences.json,-9.098,0.23112010266168334,eclutatug,cld18_2
0.5,0,0.13,0.46,0.125,13.63,lixudebart_vs_cld18_2,/home/ozangocmen/RFantibody/mab_OTR/mab_offtarget_folders/af3_outputs/lixudebart_offtarget_af3_output/lixudebart_vs_CLD18_2/lixudebart_vs_cld18_2/lixudebart_vs_cld18_2_summary_confidences.json,-9.098,0.23112010266168334,lixudebart,cld18_2
0.56,0,0.06,0.47,0.15000000000000002,16.32,tecotabart_vs_cld22,/home/ozangocmen/RFantibody/mab_OTR/mab_offtarget_folders/af3_outputs/tecotabart_offtarget_af3_output/tecotabart_vs_CLD22/tecotabart_vs_cld22/tecotabart_vs_cld22_summary_confidences.json,-8.273,0.19746335042323043,tecotabart,cld22
0.54,0,0.08,0.47,0.12,11.02,ixotatug_vs_cld3,/home/ozangocmen/RFantibody/mab_OTR/mab_offtarget_folders/af3_outputs/ixotatug_offtarget_af3_output/ixotatug_vs_CLD3/ixotatug_vs_cld3/ixotatug_vs_cld3_summary_confidences.json,-7.367,0.1778549514145823,ixotatug,cld3
0.56,0,0.06,0.48,0.155,16.56,tecotabart_vs_cld24,/home/ozangocmen/RFantibody/mab_OTR/mab_offtarget_folders/af3_outputs/tecotabart_offtarget_af3_output/tecotabart_vs_CLD24/tecotabart_vs_cld24/tecotabart_vs_cld24_summary_confidences.json,-7.725,0.17260063402440862,tecotabart,cld24
0.52,0,0.09,0.46,0.11499999999999999,10.33,ixotatug_vs_cld2,/home/ozangocmen/RFantibody/mab_OTR/mab_offtarget_folders/af3_outputs/ixotatug_offtarget_af3_output/ixotatug_vs_CLD2/ixotatug_vs_cld2/ixotatug_vs_cld2_summary_confidences.json,-6.231,0.17239848910501412,ixotatug,cld2
0.54,0,0.08,0.47,0.12,16.24,tecotabart_vs_cld25,/home/ozangocmen/RFantibody/mab_OTR/mab_offtarget_folders/af3_outputs/tecotabart_offtarget_af3_output/tecotabart_vs_CLD25/tecotabart_vs_cld25/tecotabart_vs_cld25_summary_confidences.json,-8.059,0.17217459787693418,tecotabart,cld25
